hedgetargets,DeveloperProfits,ratio,,,,,
"[156.02475914922277, 155.78038276677208, 95.45411389289595, 194.02574912599195, 63.18668294949205, 183.6876277005384, 92.44572076323807, 209.66373505657933, 134.09433877744675, 163.23730872114305, 118.83262831020375, 191.50574302979496, 157.27063551250097, 184.69213318875043, 124.49534176660634, 176.67078449021963, 158.05059946218404, 244.60687837866251, 96.47250771331036, 227.3069608962438, 109.33564527892726, 169.57080259546441, 154.30978364204466, 226.97497807585475]",-43596884.31,2.982550206,,,,-2954626.19,1.15
"[156.02475914922277, 155.7807354155255, 95.45411389289595, 194.02574912599195, 63.18668294949205, 183.6876277005384, 92.44572076323807, 209.66373505657933, 131.49346949179474, 163.23730872114305, 118.83262831020375, 191.50574302979496, 157.27063551250097, 184.69213318875043, 124.49534176660634, 147.1384665231817, 158.05059946218404, 244.54923831435292, 96.47235809006831, 227.3069608962438, 109.33564527892726, 169.57080259546441, 154.30978364204466, 211.85186475572158]",-42196653.14,2.978420475,,,,,
"[169.7316648051718, 155.7730638285179, 95.45411389289595, 194.02574912599195, 75.89601898318288, 146.18688519566595, 92.44572076323807, 209.66373505657933, 131.4385557901364, 163.23730872114305, 108.36496705088295, 188.97944463645968, 136.59273653967944, 182.52371750187604, 124.49534176660634, 147.19655606352902, 141.39942201347682, 241.46025320898454, 96.46510030337416, 227.3069608962438, 128.01132725541407, 169.68574091596486, 154.30978364204466, 225.94085652555844]",-41494499.07,2.959997339,,,,,
"[156.02475914922277, 155.7730638285179, 98.40190835566415, 164.58105443122457, 72.94921983486687, 146.18688519566595, 92.49484799150768, 204.96882035222245, 131.4385557901364, 154.83995074011855, 113.55734957809538, 191.50574302979496, 151.8611029906204, 184.69213318875043, 116.00412699776076, 162.65641096893992, 135.91876044597026, 241.46025320898454, 96.47250771331036, 203.45185838702588, 129.50964923804514, 192.0433045375926, 152.32268108871162, 206.13658864087554]",-40191932.89,2.955743812,,,,,
"[156.02475914922277, 130.09260223133657, 98.40190835566415, 164.58105443122457, 70.72526270579377, 146.18688519566595, 92.49484799150768, 204.96882035222245, 131.4385557901364, 154.83995074011855, 113.55734957809538, 191.50574302979496, 151.8611029906204, 184.69213318875043, 116.00412699776076, 162.65641096893992, 135.92056551279924, 241.46025320898454, 96.47250771331036, 203.45185838702588, 156.2264136869271, 192.0433045375926, 152.32268108871162, 206.13658864087554]",-39610716.25,2.944268928,,,,,
"[156.02475914922277, 130.99828353145926, 95.45367881321815, 165.40660843186677, 70.72526270579377, 146.18688519566595, 92.49484799150768, 204.96882035222245, 131.4385557901364, 125.32632510578208, 110.57029817002639, 191.50574302979496, 152.94356139651686, 184.69213318875043, 116.00412699776076, 163.70904530374557, 135.92056551279924, 237.99464603170614, 96.47250771331036, 203.45185838702588, 156.2264136869271, 192.0433045375926, 152.32268108871162, 208.7825631412002]",-38969199.53,2.931317731,,,,,
"[156.02475914922277, 155.6436177358237, 98.40190835566415, 164.58105443122457, 70.72526270579377, 146.18688519566595, 92.49484799150768, 204.96882035222245, 122.88276668013668, 116.68440843604374, 113.55734957809538, 191.30426566614932, 151.8611029906204, 170.81613180320082, 116.00412699776076, 162.65641096893992, 135.49453601046775, 240.664876158297, 96.41539635162701, 203.45185838702588, 129.50964923804514, 192.0433045375926, 152.32268108871162, 206.13658864087554]",-38801674.11,2.92324541,,,,,
"[156.02475914922277, 130.09260223133657, 98.40190835566415, 164.58105443122457, 70.72526270579377, 146.18688519566595, 92.49484799150768, 204.96882035222245, 131.4385557901364, 102.6944475883918, 113.55734957809538, 191.50574302979496, 151.8611029906204, 184.69213318875043, 116.00412699776076, 162.65641096893992, 135.92056551279924, 241.46025320898454, 96.47250771331036, 203.45185838702588, 156.2264136869271, 174.98321726996386, 152.32268108871162, 206.13658864087554]",-38202416.16,2.90932676,,,,,
"[156.02475914922277, 116.18834191258213, 98.40190835566415, 164.58105443122457, 70.72526270579377, 146.18688519566595, 92.19872531278328, 204.96882035222245, 122.88276668013668, 116.68440843604374, 113.55734957809538, 191.30426566614932, 151.8611029906204, 170.81613180320082, 116.00412699776076, 162.65641096893992, 137.25037922783383, 240.664876158297, 96.41539635162701, 203.45185838702588, 129.50964923804514, 205.85296163332282, 152.32268108871162, 206.13658864087554]",-38038268.66,2.896648038,,,,,
"[102.73215135350912, 156.0010259343767, 93.73320670844805, 162.0479815764535, 82.44421372694379, 148.16707492463064, 92.28271963305346, 171.659086143272, 117.02243427278232, 124.45089000170124, 116.64208964935246, 190.7139438975302, 142.76839353347597, 175.91228895284763, 123.65061701203882, 149.16116392065527, 135.80349741559982, 231.6897259650194, 96.47250771331036, 203.5415611672892, 122.07426678466962, 178.34877007040072, 152.329753398992, 225.55291208379973]",-37518992.98,2.894114775,,,,,
"[107.45452569174742, 152.48434068835283, 98.95468412420004, 163.43119136853835, 83.6192340713416, 145.85013567581805, 81.27214704250919, 200.8506202406868, 84.03184958309717, 118.14968767540783, 108.36515376451621, 214.24901929135115, 127.34881049900036, 181.4172895001664, 120.5793757425882, 148.30732389726123, 137.47734574821047, 203.86021526820397, 96.60499256310986, 199.6374911477735, 128.17828577662732, 178.45245708187613, 144.52153336544592, 196.98499260892956]",-36533631.03,2.875248794,,,,,
"[107.45452569174742, 146.10975869110797, 98.95468412420004, 163.43119136853835, 83.6192340713416, 145.85013567581805, 81.27214704250919, 200.8506202406868, 84.03184958309717, 118.14968767540783, 108.36515376451621, 214.24901929135115, 127.34881049900036, 181.4172895001664, 120.5793757425882, 148.30732389726123, 137.47734574821047, 203.86021526820397, 96.60499256310986, 199.6374911477735, 128.17828577662732, 178.45245708187613, 144.52153336544592, 196.98499260892956]",-36369543.69,2.87269079,,,,,
"[107.45452569174742, 145.61288665275026, 98.95856564361279, 163.43119136853835, 83.6192340713416, 116.08867430850817, 81.27214704250919, 200.8506202406868, 85.54472351739555, 118.14968767540783, 108.36515376451621, 214.24901929135115, 127.34881049900036, 181.4172895001664, 111.16857854736762, 148.30732389726123, 137.47734574821047, 203.86021526820397, 96.60499256310986, 199.6374911477735, 128.17828577662732, 178.45245708187613, 144.52153336544592, 196.98499260892956]",-35687764.01,2.849169324,,,,,
"[107.45452569174742, 145.67691561069, 106.41854280584141, 135.54295348907408, 83.02422395981715, 111.2848930033446, 81.15915729761282, 200.8506202406868, 90.19345291778669, 125.99603503204862, 107.8629065763595, 202.84778206894353, 130.34447782005589, 182.4486033286807, 111.16857854736762, 114.7220732289284, 141.2869401242047, 232.33458246149604, 96.62296818782649, 199.44727562234758, 128.17828577662732, 172.77289689185437, 138.45963389917355, 211.25951264394766]",-35102115.48,2.832838376,,,,,
"[107.45452569174742, 145.61288665275026, 106.41854280584141, 135.54295348907408, 89.5204154415613, 116.08867430850817, 81.27214704250919, 200.8506202406868, 90.19345291778669, 125.99603503204862, 108.36515376451621, 202.84778206894353, 109.51376344378681, 182.4486033286807, 111.17155838547495, 114.7220732289284, 141.2869401242047, 209.2329130613402, 96.62496570423554, 199.6374911477735, 138.6001863323493, 172.77289689185437, 144.34489227922595, 195.2201799145999]",-33896519.58,2.809255756,,,,,
"[107.45452569174742, 145.61288665275026, 106.41854280584141, 135.54295348907408, 83.02422395981715, 116.08867430850817, 81.27214704250919, 200.8506202406868, 90.19345291778669, 125.99603503204862, 108.36515376451621, 202.84778206894353, 109.2983538049445, 182.4486033286807, 111.16857854736762, 114.7220732289284, 141.2869401242047, 209.2329130613402, 96.62496570423554, 199.6374911477735, 128.17828577662732, 172.77289689185437, 144.34489227922595, 195.2201799145999]",-33831118.54,2.808841615,,,,,
"[102.75091522003527, 146.2567309761524, 99.17173655040902, 160.3431149655415, 76.9774162212717, 147.05766482553906, 82.31127923073105, 171.99926009817779, 130.8877118225126, 154.14069954990785, 118.90851468405265, 138.35537083005696, 124.51268108634112, 184.8070101003398, 120.54596099731043, 97.52865178316213, 135.87860650963182, 217.00468737274355, 96.46952946503347, 203.4498408366996, 129.97758356907036, 176.30861215331902, 151.51731320621747, 184.56781778402754]",-33156637.32,2.783084836,,,,,
"[93.56873220827826, 135.13164919964842, 76.51683358330406, 144.59253144716354, 73.43883173672954, 128.43694923100355, 82.56904339940532, 171.99926009817779, 121.45810010132475, 126.71188697725022, 118.90851468405265, 191.44771427130337, 123.8271151418687, 170.9458307788527, 120.66518539983615, 100.86283289546103, 160.0931003709851, 205.93447384176886, 96.41163815614416, 203.42407544972167, 122.00072803812402, 175.86797094595087, 112.69100490929594, 202.2031615770358]",-32402357.48,2.772143678,,,,,
"[93.56873220827826, 135.13164919964842, 76.69540654745043, 144.59253144716354, 73.45808745250037, 128.43694923100355, 82.56904339940532, 171.99926009817779, 121.45810010132475, 121.16326731416014, 118.90851468405265, 191.44771427130337, 123.8271151418687, 170.9458307788527, 120.66518539983615, 100.86283289546103, 160.0931003709851, 205.93447384176886, 96.41163815614416, 203.4498408366996, 122.00770118822595, 175.86797094595087, 112.69100490929594, 202.2031615770358]",-32284774.94,2.768088982,,,,,
"[102.75091522003527, 146.1272848834582, 99.17173655040902, 160.3431149655415, 74.90097537163024, 147.05766482553906, 82.31127923073105, 171.99926009817779, 122.33192271251289, 115.98515724583326, 118.90851468405265, 138.1538934735067, 124.51268108634112, 170.9310087147902, 120.54596099731043, 97.52865178316213, 135.45257700730033, 216.20940535041686, 96.41241810335013, 203.4498408366996, 121.91186254382842, 174.6209366629998, 151.51731320621747, 184.56781778402754]",-31714273.45,2.744972429,,,,,
"[93.56873220827826, 146.187280711419, 76.70463226112001, 137.78679973733892, 74.90097537163024, 148.2676702333268, 82.31127923073105, 171.99926009817779, 121.48395208815901, 115.98515724583326, 118.90851468405265, 138.1538934735067, 132.63785250794263, 170.9310087147902, 120.66518539983615, 97.81515055458198, 135.443894904316, 206.78366471553446, 96.41163815614416, 203.4498408366996, 121.96526664600846, 176.30861215331902, 151.51731320621747, 184.56781778402754]",-30829832.73,2.718528736,,,,,
"[93.56873220827826, 146.187280711419, 76.70463226112001, 137.78679973733892, 74.90097537163024, 119.12822116916503, 82.31127923073105, 171.99926009817779, 121.48395208815901, 115.98515724583326, 118.90851468405265, 138.1538934735067, 124.23879301657246, 170.9310087147902, 120.66518539983615, 97.81515055458198, 177.57617774039045, 206.78366471553446, 96.41163815614416, 203.4498408366996, 121.96526664600846, 176.30861215331902, 151.51731320621747, 184.56781778402754]",-30329617.8,2.695042549,,,,,
"[93.56873220827826, 145.65637692957984, 76.70463226112001, 137.93244302396596, 74.90097537163024, 148.2676702333268, 82.29025933197556, 135.06641185769982, 121.48395208815901, 115.98515724583326, 105.81548364161655, 138.1538934735067, 132.59832751359107, 170.9310087147902, 111.09525071345804, 97.81515055458198, 135.443894904316, 206.78366471553446, 96.41163815614416, 199.40097277151767, 121.96526664600846, 176.30861215331902, 138.69365930028343, 184.56781778402754]",-29659483.35,2.665137901,,,,,
"[90.71052769482436, 129.82017446165025, 93.73022642273015, 135.35658907260486, 89.52973743601251, 137.33530872062997, 81.51664671432414, 171.69873476078286, 76.9641073111376, 125.31459928442298, 104.02097757282928, 137.26948738482395, 142.06909512791313, 158.36138661840164, 111.17145443385147, 114.7220732289284, 135.93667447342162, 209.22468457794847, 95.3276600902357, 184.3157264465466, 138.40737007017046, 150.49109378515797, 144.32429836675416, 175.00490305655245]",-28946307.56,2.647273855,,,,,
"[90.71052769482436, 129.82017446165025, 109.78058159993242, 135.35658907260486, 83.03354595426838, 137.33530872062997, 81.51664671432414, 171.69873476078286, 76.9641073111376, 125.31459928442298, 104.02097757282928, 137.26948738482395, 141.8536854890708, 158.36138661840164, 111.16847459574413, 114.7220732289284, 137.04930540844668, 209.22468457794847, 95.3276600902357, 184.3157264465466, 127.98546951444845, 150.49109378515797, 144.32429836675416, 175.00490305655245]",-28925577.88,2.645772602,,,,,
"[93.56873220827826, 138.38005154990458, 76.70463226112001, 137.78679973733892, 74.90097537163024, 102.03535411455692, 82.31127923073105, 131.22738548514866, 121.48395208815901, 115.98515724583326, 118.90851468405265, 138.1538934735067, 132.63785250794263, 170.9310087147902, 120.66518539983615, 97.81515055458198, 135.443894904316, 206.65873882959607, 96.41163815614416, 203.4498408366996, 121.39337573721136, 174.63260221203035, 150.30727463006346, 172.48902581156082]",-28368255.78,2.608581618,,,,,
"[75.9977977103667, 146.28322687535305, 93.35720878795179, 121.6757981534469, 75.17474917523724, 150.50800395981977, 89.36199984973761, 172.23042338554626, 90.21298391074761, 129.11073842201532, 97.25912573920648, 147.8152948830134, 97.09214023742842, 153.9898221620901, 103.30191490699663, 78.11621151355834, 132.17349250881685, 192.674005625392, 99.1191101397264, 195.44523461980782, 121.96636749061261, 149.028635873423, 116.43650280320196, 185.14248641294645]",-27824716.88,2.590461586,,,,,
"[90.32667890311154, 111.18779232426537, 95.5477913883841, 127.48596326884962, 77.42453795702798, 118.25985061977708, 92.24610545071533, 197.33735136520127, 77.17256069311482, 124.28331972891675, 110.33747020088835, 146.16445943840142, 119.05360404162099, 150.67620109003056, 107.58741706120658, 92.0620510533982, 136.5347730889683, 181.90561127550382, 94.80663965776446, 185.05107648223054, 122.67067814298818, 149.26869428700667, 156.2302099936984, 172.71854111174665]",-26493111.02,2.542087887,,,,,
"[90.46641777421175, 130.328001598392, 94.87125540492562, 117.4154953627683, 82.08107286774049, 104.27568784105165, 89.36199984973761, 154.96009827293386, 90.17895576305087, 129.11073842201532, 97.03150368388715, 143.47983140228223, 97.09214023742842, 153.9898221620901, 101.9308508220863, 78.11621151355834, 136.4535243014036, 192.5490797394536, 99.1191101397264, 196.40670100733848, 121.39447658181551, 147.31747684328542, 100.04422548240753, 173.06369444047974]",-25528709.32,2.496271424,,,,,
"[90.46641777421175, 130.328001598392, 94.87125540492562, 117.4154953627683, 82.08107286774049, 104.27568784105165, 89.36199984973761, 154.96009827293386, 90.17895576305087, 129.11073842201532, 97.03150368388715, 143.47983140228223, 97.391385702677, 153.9898221620901, 101.9308508220863, 78.11621151355834, 130.22241519580243, 192.5490797394536, 99.1191101397264, 196.40670100733848, 121.39447658181551, 147.31747684328542, 100.04422548240753, 173.06369444047974]",-25503451.3,2.495088944,,,,,
"[90.46641777421175, 130.328001598392, 93.35720878795179, 121.6757981534469, 75.17474917523724, 104.27568784105165, 89.36199984973761, 131.45854877252677, 90.21298391074761, 129.11073842201532, 97.25912573920648, 143.47983140228223, 97.09214023742842, 153.9898221620901, 103.30191490699663, 78.11621151355834, 136.4535243014036, 192.5490797394536, 99.1191101397264, 195.44523461980782, 121.39447658181551, 147.35262593213446, 100.04422548240753, 173.06369444047974]",-25028905.79,2.469238108,,,,,
"[90.46641777421175, 131.1954461091606, 93.67493518432518, 117.4154953627683, 82.08107286774049, 104.27568784105165, 86.86638166193036, 154.96009827293386, 78.36763511306404, 118.4293353500221, 97.03150368388715, 143.40912947469943, 97.09214023742842, 153.9898221620901, 101.9308508220863, 78.11621151355834, 136.4535243014036, 192.5490797394536, 99.1191101397264, 183.83347814194298, 121.43422464681038, 144.48180651325217, 100.04422548240753, 172.5727663835213]",-24733316.15,2.462989298,,,,,
"[90.4675770419794, 96.31632551926361, 62.54021884928629, 117.65322674724166, 82.2159395741998, 129.31805818890453, 81.1455092801668, 162.15002842357828, 77.18805736222495, 98.48145263891048, 97.03345341972549, 143.41128038137336, 108.6559586384951, 151.22363503574323, 107.4886586461039, 78.34952184324096, 123.96912145235179, 189.71484459682188, 86.71579171781354, 183.68776654633012, 120.14853916374132, 144.48667788434852, 107.42139071894832, 177.1596226733563]",-23961352.39,2.42553895,,,,,
"[90.35632476199034, 133.84275842448596, 93.43317500539727, 117.4154953627683, 77.00537356821529, 104.27568784105165, 87.37077735450728, 154.96009827293386, 78.36763511306404, 118.44520806631782, 96.9198558484115, 143.40912947469943, 97.09214023742842, 153.9898221620901, 101.9308508220863, 78.11621151355834, 136.4535243014036, 159.5509251643518, 99.1191101397264, 183.83347814194298, 121.45688641487111, 144.48180651325217, 100.04422548240753, 172.5727663835213]",-23530099.5,2.402253722,,,,,
"[90.57745287386406, 104.49000847842095, 93.37599948129588, 134.79471053797207, 74.86954640977646, 129.3695964237063, 75.89876813293841, 171.3031152609764, 80.40633058295214, 132.95447656277554, 96.34243757528829, 137.10740103834038, 112.14538621866001, 154.3355865299149, 127.60444381675981, 79.0008823582337, 136.6999149642723, 145.78630510645507, 89.90949321116165, 143.72359332329128, 119.38841971512075, 171.82715740506234, 144.10123273925547, 179.71062211034575]",-23338024.36,2.372501103,,,,,
"[90.35748402975798, 98.96363783458872, 62.298458670354925, 117.65322674724166, 77.1402402746746, 129.31805818890453, 81.64990497274373, 156.47905314550286, 77.18805736222495, 98.4973253552062, 96.92180558424982, 143.41128038137336, 108.6559586384951, 151.22363503574323, 107.4886586461039, 78.34952184324096, 123.96912145235179, 156.71669002176915, 86.71579171781354, 183.68776654633012, 120.17120093180203, 144.48667788434852, 107.42139071894832, 177.1596226733563]",-22633116.17,2.359886028,,,,,
"[90.46641777421175, 92.58707029204562, 94.87125540492562, 92.76681146841807, 82.08107286774049, 98.71893423187367, 73.75791948906455, 155.87274057318302, 90.14122731588269, 65.26510116060038, 97.09265521510946, 123.59127075285328, 97.09214023742842, 153.9898221620901, 101.27169283197875, 98.1301571624706, 106.45221589572007, 190.9341997646601, 96.31411430903466, 196.40670100733848, 121.39447658181551, 147.31747684328542, 100.04422548240753, 173.06369444047974]",-22440564.45,2.328123104,,,,,
"[90.35748402975798, 98.96363783458872, 62.298458670354925, 117.65322674724166, 77.1402402746746, 127.88640031272149, 72.88493559127079, 156.47905314550286, 72.74423545831557, 98.4973253552062, 96.92180558424982, 124.73323259751119, 97.00351035278801, 151.22363503574323, 107.4886586461039, 78.34952184324096, 123.96912145235179, 156.71669002176915, 86.71579171781354, 183.68776654633012, 120.17120093180203, 144.48667788434852, 107.42139071894832, 177.0440358673132]",-21961917.08,2.324332971,,,,,
"[90.35748402975798, 98.96363783458872, 62.298458670354925, 117.65322674724166, 74.65251690326599, 131.64699524894004, 81.64990497274373, 156.47905314550286, 77.18805736222495, 98.4973253552062, 96.92180558424982, 130.9349617116059, 108.6559586384951, 151.22363503574323, 107.4886586461039, 78.34952184324096, 123.96912145235179, 144.3857419765707, 36.111004587193655, 149.83202911115032, 120.17120093180203, 144.48667788434852, 107.42139071894832, 177.1596226733563]",-20407082.34,2.236773491,,,,,
"[102.994232732256, 104.40535446364994, 93.57550141481637, 119.30912843621361, 76.86934533793503, 128.907552821591, 81.72479293066486, 125.90714307849822, 72.29393860123727, 81.20029977264983, 85.65995984887059, 142.44104704426508, 109.60366991032221, 154.32626177481467, 107.4886586461039, 78.67015386288818, 145.29316446227915, 156.71669002176915, 88.36985643192943, 136.44740888732957, 120.27029947860777, 144.48667788434852, 143.77734300273033, 156.64513190788878]",-20018927.55,2.212008108,,,,,
"[90.57745287386406, 104.319650524971, 93.37599948129588, 125.75760821181228, 74.86954640977646, 89.28233839714605, 74.48401622130953, 129.038378243916, 80.40633058295214, 71.27973430719959, 85.27980297590706, 130.0960659269332, 110.22453523039184, 154.3355865299149, 107.81046276430156, 79.0008823582337, 136.04554308189847, 145.89997172023342, 89.90949321116165, 142.28913813191033, 119.49023399703691, 171.82715740506234, 144.10123273925547, 179.71062211034575]",-19685460,2.190889639,,,,,
"[88.7532760669734, 104.54874003910358, 93.66794817927277, 94.2598887395132, 69.51102725220323, 107.11806954872534, 81.57174671532877, 98.96272486246302, 77.18805736222495, 103.16061327974886, 47.63466829046108, 138.3501684967239, 82.90026166683974, 117.97761735892078, 74.47331418878595, 99.2896100787329, 112.15839642841621, 156.71669002176915, 93.92547969083132, 184.2589870975149, 122.03172972310357, 149.32430347079992, 101.48368257228812, 162.10309554766187]",-19260373.01,2.160021529,,,,,
"[88.7532760669734, 104.54874003910358, 94.00792165896011, 94.2598887395132, 64.29793828338335, 107.11806954872534, 81.57174671532877, 98.96272486246302, 77.18805736222495, 103.16061327974886, 47.63466829046108, 140.82551080124085, 82.90026166683974, 117.97761735892078, 73.5654396871843, 99.50643906929723, 112.15839642841621, 156.71669002176915, 93.92547969083132, 184.2589870975149, 121.29453699956306, 146.05902893037182, 101.48368257228812, 155.10135463579903]",-19058475.49,2.14898598,,,,,
"[46.47864474368676, 120.66194224083628, 95.31604079627652, 118.36800270798403, 77.47342049639596, 101.45546283914835, 74.45668445655181, 129.4567246671403, 71.95389289700887, 69.13391185078956, 82.45394767915973, 130.32109783760458, 110.28376065301593, 139.46900226989095, 107.92338525385271, 83.11296972086835, 136.04554308189847, 150.7955938915027, 88.84550853853925, 136.0899253164002, 130.9947575181233, 162.9881062841722, 119.1359058846486, 154.04434580136592]",-18480642.43,2.129121171,,,,,
"[46.47864474368676, 101.73410200769739, 95.31604079627652, 118.36800270798403, 77.47342049639596, 101.45546283914835, 74.45668445655181, 122.10835400373387, 71.95389289700887, 69.13391185078956, 82.45394767915973, 130.32109783760458, 110.28376065301593, 139.46900226989095, 107.92338525385271, 83.11296972086835, 136.0453653589353, 150.7955938915027, 93.77242776729622, 136.0899253164002, 130.9947575181233, 162.9881062841722, 119.1359058846486, 154.04434580136592]",-17856166.86,2.092890755,,,,,
"[100.61734413613465, 102.38188250498999, 93.57550141481637, 119.30912843621361, 76.86934533793503, 130.10484589917584, 38.77025287396677, 127.44749850393767, 72.29393860123727, 81.20029977264983, 85.65995984887059, 142.44104704426508, 97.79856483803606, 95.47348642967707, 107.4886586461039, 79.11603431766767, 51.79682999130488, 156.71669002176915, 88.36985643192943, 136.44740888732957, 120.27029947860777, 144.48667788434852, 143.77734300273033, 157.74778238850897]",-17578444.23,2.054799915,,,,,
"[90.5977261454442, 104.319650524971, 93.50512013992757, 125.75760821181228, 74.86954640977646, 89.28233839714605, 74.48401622130953, 129.038378243916, 66.79667314558102, 71.11242217340299, 82.94498985536937, 130.0960659269332, 110.22453523039184, 154.3355865299149, 76.0778755068001, 66.4105527008389, 106.29147272513136, 126.86543135482586, 88.10965429836008, 142.22576509246676, 119.49023399703691, 112.98167924802365, 144.10123273925547, 179.71062211034575]",-17202442.04,2.051732157,,,,,
"[77.17675482274078, 128.2794663532555, 70.88071652783938, 116.60740198407714, 68.92357669402611, 104.47460620149096, 105.40622926749373, 143.62401823844982, 67.5473025844042, 116.52346854880663, 77.3057866515236, 143.07021165156763, 132.21519720927552, 108.41823961990981, 77.6948210835516, 66.14086351776072, 137.2180866215727, 141.39630965266755, 55.048765537800676, 136.23225196292998, 122.06610960371954, 105.36539776678889, 102.78090898915951, 138.3777029565191]",-16826338.11,2.022118969,,,,,
"[82.08439330540284, 94.29940108765766, 89.01735880026126, 93.97607988994143, 69.3149076736449, 104.88574717734487, 92.98251440004537, 143.61530509433007, 86.52386856635363, 70.57105915219415, 94.37924167647114, 129.87287882417363, 99.12247384798155, 122.71386324546208, 106.10233539443033, 76.56965445164012, 127.87708370989053, 144.60889109936048, 92.91966613902186, 136.2801795866693, 123.41681595096212, 121.82671385212056, 100.3604606733032, 154.66963690218742]",-16040208.75,2.001975493,,,,,
"[108.17365523755574, 97.54754811555803, 95.70379052405174, 111.10077583360552, 39.42781774328152, 111.05273872938626, 74.35900892127015, 129.14930926993563, 89.99884254325809, 75.10435971534224, 109.25813199812092, 121.76473611247367, 110.21557187486147, 103.6297758077722, 106.03075411949447, 63.05542254018419, 100.42805214511331, 139.29112507124023, 76.18672966917406, 178.94467358183238, 119.26882144866445, 101.90770982313805, 154.68050194701192, 121.75147857149469]",-15526112.35,1.944649621,,,,,
"[107.80631092736013, 97.54754811555803, 106.35559249530856, 111.10077583360552, 39.42781774328152, 111.05273872938626, 74.35900892127015, 129.14930926993563, 89.99884254325809, 75.10435971534224, 109.25813199812092, 121.76473611247367, 110.21557187486147, 103.6297758077722, 106.03075411949447, 63.05542254018419, 100.42805214511331, 139.29112507124023, 76.18672966917406, 178.94467358183238, 119.26882144866445, 101.90770982313805, 138.57060776605252, 121.75147857149469]",-15443734.47,1.940129491,,,,,
"[77.15648155116065, 90.53853504690844, 70.7515958692077, 90.22608149182746, 68.92357669402611, 101.54750124420498, 74.45199609389036, 143.58572165845908, 81.11923157460714, 65.18831315298999, 85.30021038360935, 123.18165100213864, 81.46569706992766, 108.41823961990981, 108.77277922131519, 78.73119317515551, 136.97084857265628, 146.01280646327226, 54.04360861560932, 136.10577225286704, 123.99736021930434, 164.21087592077814, 102.78090898915951, 130.24979458695427]",-14900541.17,1.921717478,,,,,
"[77.26648661938827, 91.50203191547953, 82.20424209724311, 70.93626229030623, 73.8379740115173, 93.94673383626484, 81.13408354470019, 137.04973804752544, 86.89212468243016, 98.89232070085828, 96.46423912690453, 129.7919517735526, 110.48756168137525, 124.84733512322687, 107.4958223764331, 73.70579888401448, 136.70334105765014, 139.92818824114968, 52.60208511841083, 133.88628760739462, 100.61496943520149, 94.651677663921, 100.9499607632083, 141.8900662825768]",-14402092.8,1.899195883,,,,,
"[77.17675482274078, 90.53853504690844, 76.68704184000563, 90.22608149182746, 68.98461206452171, 101.54750124420498, 74.75605578137373, 143.58572165845908, 68.26464680635065, 65.02100101919339, 82.96539726307167, 190.96851303489245, 81.46569706992766, 103.99705422476252, 121.79419410660444, 66.77009578239387, 107.21677821588915, 128.60183009657072, 52.24376970249358, 131.56823815247105, 123.99736021930434, 105.36539776678889, 102.34273630944396, 125.58541641207357]",-14279062.45,1.848042467,,,,,
"[82.08439330540284, 56.378206664760384, 88.28402434324302, 93.97607988994143, 78.08603050992652, 104.93400335956582, 40.81625736587909, 143.61530509433007, 77.40347448841084, 70.57105915219415, 90.0476404109391, 129.87287882417363, 99.12247384798155, 122.71386324546208, 106.10233539443033, 62.51801660154548, 39.459654379508265, 133.00798522090906, 99.23773626951932, 136.2801795866693, 123.41681595096212, 99.15968820284326, 100.3604606733032, 154.56566384645248]",-13392931.07,1.833079371,,,,,
"[103.6836319125428, 90.53853504690844, 93.7433522307976, 90.22608149182746, 68.51163896342875, 101.54750124420498, 73.70990627026788, 143.58572165845908, 67.50957413723603, 75.28840228845291, 82.96539726307167, 123.18094041889283, 99.30736804384517, 111.54340913546801, 78.57603095062181, 66.14086351776072, 107.21677821588915, 126.97826609786468, 55.85566839930681, 136.04239921342344, 123.99736021930434, 105.3687170230338, 102.78090898915951, 130.24979458695427]",-13028385.09,1.821155978,,,,,
"[77.17675482274078, 90.53853504690844, 70.88071652783938, 90.22608149182746, 68.92357669402611, 101.54750124420498, 74.45199609389036, 143.58572165845908, 67.50957413723603, 65.02100101919339, 82.96539726307167, 123.18165100213864, 81.46569706992766, 108.41823961990981, 77.04019196381296, 66.14086351776072, 107.21677821588915, 126.97826609786468, 52.24376970249358, 136.04239921342344, 123.99736021930434, 105.36539776678889, 102.78090898915951, 130.24979458695427]",-12420703.91,1.78519157,,,,,
"[91.8389574591068, 99.55494294747548, 93.94541609131537, 105.82204755995754, 75.33639444150383, 100.90321604049765, 97.53653828265293, 99.3427297074126, 90.14776473925613, 75.7009070122262, 97.20899699224971, 123.22670473064454, 97.32962847485955, 113.99549628683876, 106.62618018987077, 63.189409767723966, 109.38922766391815, 116.71603771539961, 111.63448545530204, 134.68457966394107, 99.44040249253558, 106.38676916224645, 100.4129511045636, 101.76545465336076]",-11954216.52,1.736586077,,,,,
"[91.8389574591068, 99.55494294747548, 72.45024484869086, 105.82204755995754, 75.33639444150383, 100.90321604049765, 98.2786281062754, 99.3427297074126, 90.14776473925613, 65.43350574296667, 97.20899699224971, 123.22741531389035, 72.88745599186478, 113.99549628683876, 105.09034120306198, 63.189409767723966, 109.38922766391815, 116.71603771539961, 107.9720882453444, 134.68457966394107, 99.44040249253558, 106.38344990600156, 100.4129511045636, 101.76545465336076]",-11569299.34,1.715183658,,,,,
"[88.28246588019663, 68.48371242585011, 75.63156186693719, 91.85174302743786, 68.87941199003411, 101.50729536656267, 72.01205220103819, 103.59187319015086, 80.40977989434222, 70.74760083781233, 54.810988058894644, 92.70241551154483, 97.61399296030356, 107.43797576328399, 95.80757403011252, 83.17125414593866, 109.29322451726641, 127.14165972860981, 72.55005194692978, 88.97787787100359, 124.1680011056149, 122.37994509889839, 116.84805250983428, 179.90835801708948]",-11122286.9,1.683415215,,,,,
"[77.17675482274078, 92.85184306963576, 70.88071652783938, 88.3083782289637, 68.51210289336319, 127.38306679818083, 74.45199609389036, 143.58572165845908, 67.50957413723603, 65.02100101919339, 82.50798584357973, 70.46558534065339, 147.89228191399812, 108.41823961990981, 77.03566309344404, 66.34644277004458, 47.89807936086625, 139.77292483667128, 52.24221691033929, 136.23225196292998, 124.02178414830686, 105.36539776678889, 54.0457019842363, 103.05506386016583]",-11080338.04,1.666123316,,,,,
"[102.96536384618898, 60.854724706752094, 27.532868918625073, 114.27796195792571, 74.74509982524397, 101.42332540330321, 13.801347667247544, 97.97363409413106, 96.14646853016035, 60.789228286399116, 61.91706789218676, 69.06811874233927, 97.19329833588986, 109.21593221972668, 106.6846162344021, 62.09356093803059, 45.64858910925959, 128.84330699207342, 99.27476455994993, 137.60934240144545, 100.2258678110274, 121.81709677732152, 104.0915917648903, 151.2524334172867]",-10599911.63,1.646123489,,,,,
"[77.17675482274078, 92.88308934273138, 70.88071652783938, 88.3083782289637, 68.92002435453617, 100.35966519828902, 74.45199609389036, 143.58572165845908, 67.50957413723603, 65.02100101919339, 82.50798584357973, 70.46558534065339, 147.89228191399812, 108.41823961990981, 77.03566309344404, 66.3496888930979, 47.89807936086625, 139.7814296850416, 52.24376970249358, 136.23225196292998, 124.022475098418, 105.36539776678889, 54.0457019842363, 103.05506386016583]",-10516294.3,1.641742412,,,,,
"[81.87249523849944, 45.701075261521915, 77.44928106902576, 91.83801249484151, 15.79217764564071, 42.438191250012125, 85.23417538364887, 99.29495346088225, 70.7436147232625, 110.48583935536988, 108.28169957724299, 123.04178487002409, 94.50819534538833, 104.9622385950614, 86.11072804266911, 64.13726383981587, 104.57960352403681, 117.28493353295818, 72.41560869347371, 128.40684931986365, 127.07424809028119, 69.04967037003333, 106.18742542914687, 142.2177237151855]",-9234834.482,1.576056539,,,,,
"[38.41767372016693, 45.701075261521915, 77.540746015885, 91.83801249484151, 11.865450075208521, 42.438191250012125, 85.23417538364887, 99.29495346088225, 70.69095391648597, 110.48583935536988, 108.28169957724299, 123.04178487002409, 93.76036964221184, 104.9622385950614, 86.11072804266911, 64.13726383981587, 104.57960352403681, 117.28493353295818, 72.41560869347371, 128.40684931986365, 122.98284932102733, 69.04967037003333, 106.18742542914687, 142.2177237151855]",-8961509.855,1.557936067,,,,,
"[88.13565680831087, 93.93742415990542, 88.96757556438955, 90.30025768133805, 70.44456738013041, 99.45773106874145, 96.28556245446111, 103.5294139241881, 71.92113970543316, 60.20776356271125, 55.443126016639305, 73.20127269858635, 83.35365383458621, 118.09518311786876, 95.14326794655906, 75.64444588627661, 131.0882423475246, 127.52913474784417, 93.72421715224193, 80.47535589382782, 120.82777929558237, 97.0634293267564, 100.59984113304142, 106.87362140537195]",-8496312.557,1.527498291,,,,,
"[84.58137940970099, 69.51580201429168, 75.63156186693719, 91.81269604366469, 68.90215129430283, 49.247867125000084, 69.5702421969696, 98.10586386865921, 74.42143035213954, 71.26637475591349, 47.350151574487796, 92.70241551154483, 94.17481816349039, 107.57428949133433, 74.08076108776609, 36.67003469185494, 109.39443867626281, 127.1626035868403, 72.00949007399043, 88.97787787100359, 86.59543209954225, 120.96645566646461, 117.28337723945747, 127.88422846873081]",-6949647.98,1.442502593,,,,,
"[88.13565680831087, 56.01622973682423, 88.23424110737129, 90.30025768133805, 70.44456738013041, 99.53084109183627, 44.119304585611076, 103.5294139241881, 71.92113970543316, 60.20776356271125, 51.11152474908327, 73.20127269858635, 83.35365383458621, 118.09518311786876, 95.14326794655906, 61.59280803618198, 42.670696603192084, 126.54635877193869, 93.72421715224193, 80.47535589382782, 120.82777929558237, 97.0634293267564, 100.59984113304142, 106.769648349641]",-6603439.477,1.420822975,,,,,
"[88.13565680831087, 56.18254568689277, 88.23424110737129, 90.30025768133805, 70.44456738013041, 99.53084109183627, 44.119304585611076, 95.723366850044, 71.92113970543316, 60.20776356271125, 51.11152474908327, 73.20127269858635, 83.35365383458621, 118.09518311786876, 60.382539339253725, 61.60064548228542, 42.670696603192084, 126.54635877193869, 93.72421715224193, 80.47535589382782, 120.82824128479518, 97.0634293267564, 68.58578215102352, 106.769648349641]",-6088936.218,1.388758381,,,,,
"[88.79673368060176, 47.44436112011573, 88.10734547909074, 87.5758485117837, 77.51079917566372, 47.092789066585254, 71.9941122021342, 127.89764863112535, 72.10113034525797, 73.36415961198801, 113.21128895234594, 76.03951679334781, 96.45609240185449, 105.58534887813005, 77.04133642654084, 38.57644348200761, 134.15469686979958, 128.2580161429295, 96.4242712046798, 92.78025964915045, 120.20906252232324, 70.46437068359207, 62.71956023034002, 106.89508461883214]",-5629445.666,1.354737634,,,,,
"[59.59080739803082, 47.278045170047186, 88.10734547909074, 92.02157382505163, 77.51079917566372, 47.092789066585254, 50.57576215734969, 103.51051989169692, 72.10113034525797, 73.36415961198801, 113.21128895234594, 65.5935392613435, 96.45609240185449, 105.58534887813005, 95.23692131513704, 38.568606035926365, 134.15469686979958, 128.2580161429295, 67.4986257165662, 92.78025964915045, 120.20860053311043, 69.04967037003333, 100.04419167295254, 120.4568392239]",-5201961.477,1.333269675,,,,,
"[59.59080739803082, 47.44436112011573, 88.10734547909074, 92.02157382505163, 77.51079917566372, 47.092789066585254, 50.57576215734969, 95.70447281755281, 72.10113034525797, 73.36415961198801, 113.21128895234594, 76.03951679334781, 96.45609240185449, 105.58534887813005, 77.04133642654084, 38.57644348200761, 134.15469686979958, 128.2580161429295, 67.4986257165662, 92.78025964915045, 120.20906252232324, 69.04967037003333, 68.03013269093279, 120.4568392239]",-5030684.457,1.324084149,,,,,
"[38.63350526531694, 47.44436112011573, 88.10734547909074, 87.5758485117837, 77.51079917566372, 47.092789066585254, 71.9941122021342, 95.70447281755281, 72.10113034525797, 73.36415961198801, 113.21128895234594, 76.03951679334781, 96.45609240185449, 105.58534887813005, 77.04133642654084, 38.57644348200761, 134.15469686979958, 128.2580161429295, 72.21841822182456, 92.78025964915045, 120.20906252232324, 69.04967037003333, 62.71956023034002, 106.89508461883214]",-4518843.969,1.29344398,,,,,
"[38.63350526531694, 47.44436112011573, 88.10734547909074, 87.5758485117837, 77.51079917566372, 47.092789066585254, 71.9941122021342, 95.70447281755281, 72.10113034525797, 73.36415961198801, 113.21128895234594, 76.03951679334781, 97.40742725452628, 105.58534887813005, 77.04133642654084, 38.57644348200761, 134.15469686979958, 128.2580161429295, 72.21841822182456, 92.78025964915045, 120.20906252232324, 67.62808311733497, 62.71956023034002, 106.89508461883214]",-4500045.853,1.292134624,,,,,
"[39.87511019752128, 47.44436112011573, 88.22612839388198, 91.58167646011944, 77.51079917566372, 47.092789066585254, 17.004071106208777, 98.04340460269647, 72.10113034525797, 72.40776101986609, 4.554818723211088, 54.74820399143088, 104.84644572432077, 123.61492337920055, 77.04133642654084, 45.24341824453026, 134.15469686979958, 89.46533247554709, 79.58065883614925, 92.5820532832208, 115.1271501734507, 69.04967037003333, 104.92526088400984, 139.89303046223813]",-4132475.421,1.262984689,,,,,
"[84.17658976151128, 47.0799107925196, 84.30005755974075, 70.75233072736404, 43.51637544253376, 41.11393315664046, 43.51532802767572, 97.95279878440081, 71.95001391245762, 73.79128195033772, 68.23735588132737, 87.43479160222233, 97.40878598470692, 123.55297829282284, 81.9119721691703, 33.76523129632447, 136.77848873153005, 132.983714818405, 2.4864072431869673, 62.08708083748629, 127.15903065047432, 67.08479625803221, 104.95278374235517, 108.93739567841213]",-3943970.505,1.249183746,,,,,
"[10.014769399570767, 47.44436112011573, 88.22612839388198, 88.18767263407831, 77.51079917566372, 47.092789066585254, 17.004071106208777, 98.04340460269647, 72.10113034525797, 73.35565266187427, 4.554818723211088, 54.74820399143088, 104.84644572432077, 123.61492337920055, 77.04133642654084, 38.57476505733305, 134.15469686979958, 107.71912962987675, 79.58065883614925, 92.5820532832208, 115.1271501734507, 69.04967037003333, 104.92526088400984, 106.89508461883214]",-3516360.794,1.226878651,,,,,
"[84.66806748652695, 45.452620407430345, 89.13833195665045, 64.66344908174786, 42.10203650771048, 38.85931919637945, 39.42208656412125, 98.28787448277147, 59.84691275199606, 70.86638026015741, 82.46168211987366, 73.20127269858635, 97.76757556094677, 93.82661096682469, 63.79984528496224, 38.41906992800307, 51.335359489530575, 125.55035452516222, 98.78012265952046, 89.133414737192, 47.152171350903, 89.66565480028508, 104.65608408943402, 98.47626576977278]",-2954242.915,1.202412588,,,,,
"[64.15772148240606, 47.44436112011573, 71.17117442614618, 88.18767263407831, 77.51079917566372, 47.092789066585254, 17.004071106208777, 98.04340460269647, 71.7939835640679, 73.35565266187427, 67.63814936726133, 87.76971671666519, 104.84644572432077, 82.94838439607705, 77.04133642654084, 40.95562748268163, 134.15469686979958, 74.17205804066718, 72.21841822182456, 92.5820532832208, 115.1271501734507, 69.04967037003333, 104.92526088400984, 106.89508461883214]",-2415731.669,1.165476604,,,,,
"[29.901700769874743, 45.61379182778764, 53.842268081737934, 64.66344908174786, 42.10203650771048, 36.886812137232084, 39.42208656412125, 92.77140717320195, 59.84691275199606, 70.86638026015741, 83.77810213591673, 73.20127269858635, 96.48769551200022, 93.82661096682469, 63.79984528496224, 32.96446854224229, 51.335359489530575, 125.55035452516222, 73.86264517095805, 89.19604253950902, 48.049770443457064, 89.67254173942472, 66.33056532859672, 98.47626576977278]",-1913600.889,1.139850246,,,,,
"[29.901700769874743, 45.61379182778764, 53.842268081737934, 64.66344908174786, 42.10203650771048, 36.886812137232084, 39.42208656412125, 92.77140717320195, 59.84691275199606, 70.86638026015741, 82.46168211987366, 73.20127269858635, 97.0864779607655, 93.82661096682469, 63.79984528496224, 32.96446854224229, 51.335359489530575, 125.55035452516222, 73.86264517095805, 89.19604253950902, 48.049770443457064, 88.25095448672636, 66.33056532859672, 98.47626576977278]",-1886820.2,1.138437428,,,,,
"[84.17658976151128, 23.639961364268007, 84.30005755974075, 71.01094887081777, 43.51637544253376, 41.11393315664046, 70.27400030913466, 97.95279878440081, 71.95001391245762, 76.37681666353728, 68.23735588132737, 87.50375469886009, 97.40878598470692, 70.73553613713598, 81.9119721691703, 33.76523129632447, 107.77644094640227, 132.83446002601946, 1.3508698198736533, 74.88072895259035, 127.15903065047432, 27.359956673070393, 62.412636153384845, 108.98817587796859]",-1338223.238,1.088335025,,,,,
"[84.17658976151128, 23.639961364268007, 82.69275727500437, 71.01094887081777, 43.51637544253376, 41.11393315664046, 70.27400030913466, 97.95279878440081, 71.95001391245762, 76.37681666353728, 68.23735588132737, 87.50375469886009, 97.10954051945835, 70.73553613713598, 81.9119721691703, 23.027530906603864, 107.77644094640227, 132.83446002601946, 1.3508698198736533, 74.88072895259035, 100.14306750238907, 27.359956673070393, 62.412636153384845, 108.98817587796859]",-974841.1786,1.061860607,,,,,
"[84.17658976151128, 23.639961364268007, 84.30005755974075, 71.01094887081777, 43.51637544253376, 41.11393315664046, 43.51532802767572, 97.95279878440081, 71.95001391245762, 59.654931511183285, 68.23735588132737, 87.50375469886009, 97.40878598470692, 70.73553613713598, 81.9119721691703, 33.76523129632447, 40.7190600188619, 132.983714818405, 1.3508698198736533, 62.08708083748629, 127.15903065047432, 27.359956673070393, 62.412636153384845, 108.93739567841213]",-284394.7707,1.027506333,,,,,
"[91.48322753543707, 13.675005678366475, 42.95837249098004, 70.96419837155709, 43.51637544253376, 41.11393315664046, 43.51532802767572, 97.95279878440081, 71.95001391245762, 60.67714715548187, 68.23735588132737, 87.50375469886009, 97.40927558251053, 71.0325343332674, 81.9119721691703, 33.76523129632447, 40.7190600188619, 132.983714818405, 1.3508698198736533, 62.08708083748629, 117.92526060240853, 27.359956673070393, 62.412636153384845, 47.13511677254068]",1461464.403,0.924055743,,,,,
"[80.96055654188828, 23.639961364268007, 84.30005755974075, 71.01094887081777, 15.706190932297368, 40.22158581922281, 14.451292755162843, 97.95279878440081, 71.95001391245762, 59.76353437463924, 68.23735588132737, 71.56903810523265, 99.69289116241646, 70.6851141698075, 82.19490577762471, 33.76523129632447, 40.7190600188619, 84.99193559991124, 1.3508698198736533, 62.08819987069018, 127.15903065047432, 27.359956673070393, 62.412636153384845, 108.93739567841213]",2062987.662,0.903411021,,,,,
"[7.72979034828079, 8.190871486399963, 34.78849878178739, 64.63071844298719, 13.034101390114502, 41.2910467744694, 13.778191770159811, 36.92154560895116, 39.95242791177077, 45.53927610852402, 51.80674425654958, 67.81265507944055, 94.2922986261716, 117.5889462916533, 78.59242580708623, 19.753727251222344, 43.43949239626441, 105.83027180172279, 6.474115997482888, 89.59717298122594, 88.12658554208406, 35.595095812115346, 55.78491337777531, 95.18910522384812]",2351153.887,0.871203269,,,,,
"[91.88567201514587, 13.767251541235403, 45.95042600368306, 64.58991922691219, 2.627303062088762, 50.42576296170179, 41.860233221290194, 32.60266740890125, 8.323941536258486, 51.76770885304862, 3.2228179440459925, 48.77028810080546, 23.418819976760744, 68.60091650297353, 74.03776832577026, 33.771627304120024, 39.738206460151254, 126.52938390166871, 1.9268308787580875, 87.90856598211603, 0.6743251447748904, 118.89374431702052, 117.15008973884184, 48.36631773425529]",2649751.076,0.843938295,,,,,
"[10.398967169634961, 12.56833804764307, 73.59691142494849, 71.02100091127285, 40.36106412480077, 41.2910467744694, 14.153785950747395, 47.07741085202504, 39.736868259797504, 52.28126334608951, 51.80674425654958, 67.80866798397967, 89.23562196057074, 66.84933848839572, 76.588718336689, 35.6382264378047, 42.43866361525869, 130.4321425804682, 2.083580728791283, 79.15329253544871, 88.88614730143391, 39.01701741193574, 60.84960805765989, 51.45424438123021]",3284123.763,0.830825928,,,,,
"[10.398967169634961, 12.56833804764307, 65.7288314778119, 63.02160027433477, 40.36106412480077, 41.2910467744694, 14.203253780787318, 47.07741085202504, 39.736868259797504, 51.30702859170022, 51.80674425654958, 67.80866798397967, 89.23562196057074, 44.443326010039, 77.43103978787123, 36.58564543264988, 43.08023256663107, 130.40365759092643, 9.403719518913228, 79.15329253544871, 88.88614730143391, 39.471730100847594, 60.84960805765989, 51.45424438123021]",4046434.018,0.785892029,,,,,
"[80.96055654188828, 23.6160897847735, 83.23723316428708, 71.01094887081777, 24.048814091237055, 40.22158581922281, 14.451292755162843, 97.95279878440081, 8.881969752321005, 59.76353437463924, 68.23735588132737, 48.74572903128977, 99.69289116241646, 70.6851141698075, 82.19490577762471, 33.76523129632447, 40.703384835808905, 84.99193559991124, 1.3508698198736533, 62.08819987069018, 127.15903065047432, 27.359956673070393, 55.955343653079275, 49.226571314450894]",4296207.652,0.783079598,,,,,
"[25.490918696419328, 23.23817907706915, 73.02150962542437, 70.52585564777485, 9.983664961626825, 41.9418738745998, 71.3678481787055, 97.95279878440081, 41.84243630408656, 48.96340300768424, 2.8677671190978202, 73.69521811212583, 97.22801589537356, 66.54527820122499, 77.27849085091455, 33.76523129632447, 107.78251851457503, 52.97105776420466, 1.3508698198736533, 76.38300452285279, 137.20935468459643, 27.359956673070393, 62.0254089199059, 37.13062297142002]",4873146.163,0.745060563,,,,,
"[8.852076854169752, 13.791123120814996, 46.674248335967306, 64.59749583423205, 2.627303062088762, 50.42576296170179, 41.860233221290194, 39.452660476237156, 71.41583910319353, 51.29435909125588, 3.284345480355153, 71.59359717474939, 23.418819976760744, 67.61812405584023, 74.03852130594825, 33.67724389990267, 39.75388164320425, 82.75508289797268, 1.9268308787580875, 40.462787043939315, 0.9349462899241265, 36.12320385754068, 62.235826401231414, 108.07714231299478]",5585253.54,0.698624257,,,,,
"[53.54383135382322, 13.767251541235403, 72.67309955941295, 64.59898393691368, 10.268661319505394, 40.56742847239046, 70.91785153887729, 39.86803358311792, 93.30349390076633, 50.714435358721204, 107.014471734668, 67.82951836367363, 14.152467003343595, 60.038467916316314, 103.3241696842083, 29.12451060634308, 0.6443472275174009, 56.87825925556998, 1.745244819328469, 91.18400817512878, 88.17514067673804, 31.404742592014387, 62.26051649670062, 41.79193046864043]",6014672.967,0.677984044,,,,,
"[9.829306151292299, 13.767251541235403, 64.19631003408486, 64.59749583423205, 15.672237697657764, 18.279171018107956, 14.635055827749106, 38.93931037916351, 40.33040821718484, 51.24645791994022, 52.723500363032755, 71.41375794689625, 23.425848285696325, 67.61812405584023, 77.17549469889302, 36.54729501792683, 39.58114702733561, 82.75508289797268, 11.72851451415507, 51.53004384938055, 86.96280396987177, 36.12320385754068, 70.14674706471804, 44.85130172235206]",6850336.569,0.649249904,,,,,
"[9.829306151292299, 13.767251541235403, 64.09110964098552, 64.59749583423205, 16.04439890008301, 18.279171018107956, 14.635055827749106, 38.463265625514104, 20.125701367379676, 51.24708436585562, 3.284345480355153, 71.41375794689625, 23.425848285696325, 67.61812405584023, 77.17549469889302, 33.9776573259323, 39.70725902976533, 82.75508289797268, 11.72851451415507, 52.80773949539007, 0.9349462899241265, 36.12320385754068, 70.14674706471804, 44.85130172235206]",7322387.451,0.617669293,,,,,
"[8.852076854169752, 13.767251541235403, 45.611423938326695, 64.59749583423205, 2.627303062088762, 50.42576296170179, 41.860233221290194, 39.452660476237156, 8.323941536258486, 51.29435909125588, 3.284345480355153, 48.77028810080546, 23.418819976760744, 67.61812405584023, 74.03852130594825, 33.9776573259323, 39.738206460151254, 82.75508289797268, 1.9268308787580875, 40.462787043939315, 0.9349462899241265, 36.12320385754068, 55.778533900925844, 48.36631773425529]",7840971.365,0.590545507,,,,,
"[9.829306151292299, 13.767251541235403, 36.82618442801093, 64.59749583423205, 12.375858939493792, 18.279171018107956, 6.037172554483458, 38.463265625514104, 8.070026664127763, 51.24708436585562, 3.284345480355153, 58.061976301757696, 22.665240572281956, 67.61812405584023, 77.17549469889302, 33.18539030460614, 39.70725902976533, 82.75508289797268, 1.9256265144121474, 40.11943813411118, 0.9349462899241265, 34.97740397598192, 55.778533900925844, 41.17737227886976]",8394887.539,0.559801953,,,,,
"[53.54383135382322, 13.767251541235403, 72.67309955941295, 64.59898393691368, 10.268661319505394, 19.49725117068679, 70.91785153887729, 38.384055955059125, 93.30349390076633, 50.714435358721204, 0.4755543163893141, 66.910267408697, 14.152467003343595, 59.343001302320374, 78.43419796453614, 29.12451060634308, 1.1377539414853153, 56.87825925556998, 1.5411988088544701, 40.161742851200806, 2.4064853029847386, 31.404742592014387, 62.26051649670062, 38.7754648008826]",8794061.128,0.536412203,,,,,
"[9.829306151292299, 13.767251541235403, 38.12508461802594, 64.59749583423205, 12.379310019240044, 19.49725117068679, 14.174781253206149, 38.463265625514104, 8.315865171381619, 50.746119655649764, 0.4755543163893141, 48.447377360404836, 21.566438303606464, 59.343001302320374, 78.80237120870507, 20.470328980760918, 3.8865043004166235, 61.25956832021479, 1.5411988088544701, 40.14971843446358, 0.9349462899241265, 34.931030029179595, 55.80493608476959, 35.49712808534077]",10107835.89,0.473284127,,,,,
