,0,1,2,3,4,5,6,7,8,9,10,11,12,13,14,15,16,17,18,19,20,21,22,23
0,0.00020386099091103545,1.3470361565437683,13.644739079027136,5.746760115689885e-05,8.888523792219607,0.0011808291780219006,0.01400594748063999,6.789017082939603,0.4958499761797488,3.3883998504599826,8.1451634059182,0.004215098194362447,1.512547335310864,6.7776621431675795e-06,7.641741803355032,6.471665887527512e-07,0.000817547306404709,10.450935583046641,4.271585114408816,0.011376839209847608,0.14105935404261172,2.718072793346475,4.492564867316007,2.3842441886845958
1,0.06865205962723996,16.774382106359184,14.39762111617055,0.02694211167490571,42.748337993569095,0.004557479000806341,0.3668367620378254,18.65305617241371,3.8731855163767888,22.037585704944153,25.63886687235886,2.7023806530944623,0.20263020560498735,0.00017756583880456525,28.052321910451155,4.426837396445103e-05,0.3783713199258783,12.284940438603927,2.1725264615352398,4.479890134260389,1.2515577840094632,25.487580591627058,66.3219244664968,3.438060790771999
2,0.0006248496706713378,2.1768135631095222,14.360918228090487,2.9500223867165703e-05,8.883453555261818,0.0012364995006670229,0.028691339097796264,6.802141667264772,0.04854967935429037,9.049185126390634,21.19447906890994,0.0014456503980521118,0.05574691357059129,5.952241003952085e-05,12.474217895803971,3.308781217902911e-05,0.01662919348517019,11.407902549867869,4.742237190995329,0.016776270981701744,0.0087155049872841,10.538740078357641,12.752878982050314,3.117920810456995
3,0.0006185130657739219,6.848354809005533,14.360853230488836,9.407900518969736e-05,8.883453555261818,0.0012163032459305014,0.007522872799333835,6.8026672124709595,0.023637762721656616,9.047205303079176,19.360627764403997,0.0012893472230685612,0.05572836182161268,0.00013335374836657702,12.457287138591873,1.6154172171410072e-06,0.016121027085074572,10.783790090093078,4.027667784856768,0.016776270981701744,0.24969676297929827,4.439253373685549,14.507719360953807,2.566748589251891
4,0.00012480182209036536,2.17670388265772,14.26898858739433,0.0007403883555977511,6.331911193084033,0.001050418196171713,0.030692072217293587,6.8026672124709595,0.023637762721656616,8.971000532356229,19.229351707497077,0.005357519202239279,0.045359236045064776,8.37829108752849e-05,12.457287138591873,3.308781217902911e-05,0.01752023291650543,10.783790090093078,4.020804372988393,0.0014641312007656216,0.0958539036538876,8.10672411975621,12.828152613900512,2.5795672924092723
5,0.00018346551997589134,2.07687564206776,14.27021925019116,0.00022321811482792274,8.74910915458965,0.0011597456875057522,0.0006701666965285846,6.8018423523040505,0.025312798423356743,3.3697320114464793,15.193710708582438,0.004496682434534181,5.8280375010835717e-05,1.0132834976319474e-05,6.5779144695494995,1.323960326633008e-05,0.00839429643911746,10.452482060864412,4.590855473481806,0.005037389019554997,0.042854332642470364,7.946745739243629,8.263133196151191,2.66474762004861
6,0.0001254398603642385,2.192276046695405,14.526738199570989,0.0009729868667615745,8.919089324816722,0.0007745440406392811,0.0039877414674066025,6.927551199693525,0.02456230646446757,3.3697320114464793,15.169012942102007,0.005033214906157811,5.8280375010835717e-05,1.358347141014326e-05,6.578055791165414,2.8849041684055467e-06,0.00836251473257609,10.452482060864412,4.765243921290693,0.005119331479008355,0.1836339953089043,7.946745739243629,8.297681716206185,3.05428170726724
7,0.00035420195716795493,2.1766038505376173,7.679375958336101,0.0007445926509433579,9.383043829260522,0.0009162692933182932,0.01594305229199358,5.769380685326104,0.3481092623363914,3.8578965283630735,10.541363279978622,0.00028190927097498713,0.0032259799383247065,3.299739401542303e-05,11.216999637506964,4.496371047631929e-06,0.0008454140226075967,10.446596716473834,2.7917502923617583,0.010986039643405091,0.13471450246488703,4.002902106837666,12.797389011629267,3.903062685858969
8,0.0006203187806773456,1.2297279890212756,12.826028036731293,0.014354024594855064,8.761322151501794,0.0007354091120724507,0.040358449549249754,12.96196031607484,0.04805182032360151,4.629171689667266,20.34918927499087,0.006055492982574188,0.017892785186040025,0.0002120308369273384,6.380127094381177,1.3420876444929765e-06,0.002491212590091836,11.43210432252513,4.271054778951243,0.0016486878378873856,0.27278605617634544,3.3690105071953393,7.581446312141703,2.56144234771604
9,0.01006070987276843,14.478844192796352,15.759291309535076,0.35705501672283824,42.748337993569095,0.017370654501440985,0.5186117694063078,18.688455455778005,0.40794386241855096,19.189900461991165,25.63886687235886,2.3768240594810512,0.19253048248788657,0.0001847160513310161,28.858386737239144,4.688183623239846e-05,0.025357741806569356,12.284123180329338,2.333083745514466,5.045412579281184,1.3514214469538217,25.69666525819746,63.90040231175923,6.773993563933375
10,0.00016879339850627942,13.91371470829826,14.781700550139858,0.0034729533803854115,23.296740462577397,0.004933020561592034,0.02869424807436757,16.67178121146466,0.03827458385986354,9.090272614318394,23.19738039073131,0.0014524522412111033,0.056435477409277075,9.138214982006674e-05,12.404735201466286,3.334747112376251e-05,0.14962225947125896,10.662118376604797,5.482817076716382,0.0027449842454577234,0.14774577246614182,6.101702671750198,14.86253542574061,2.5955310716062283
11,0.00012408153142224291,2.1768135631095222,14.392846734918429,0.01754159743651551,8.761322151501794,0.0007354091120724507,0.012180270790779903,9.885771578717442,0.04805182032360151,15.908935011431044,20.34918927499087,0.04021049036454939,0.05574691357059129,0.00020939160767951312,15.876476097508862,1.8226989730057131e-06,0.008572077156575772,11.397316391867744,4.699932928263504,0.0019961168680781988,0.2288323779685304,2.9746649221184924,17.600338867632733,2.7032343851127623
12,0.005085496105408199,13.57598378689495,14.167929724897498,0.0020859366666812302,17.789734955210488,0.0001225015996188807,0.016073230615480733,7.089533632014449,0.07761630959373716,15.997800914188483,22.01678252028759,0.010113077899722631,0.0018712166158947538,2.9264681699533245e-05,19.666108976812225,6.546151990821456e-05,0.004004969384001647,11.398908585361404,4.253143248243746,0.008726133584665547,0.3316028315815313,6.455335051600403,23.05500177198108,2.6529045499177863
13,0.00748194545865518,15.523245051125402,14.785572520487722,0.00022435905043322697,36.95437892658003,0.005849716638613627,0.26687719953649924,16.954612711181845,0.14522491054814402,16.051228794095433,26.257300927217432,1.9881431244673975,0.25110798525454436,0.00014851971246540832,21.80633328408575,0.0010297358114794192,0.3117821514236979,11.53675080141013,4.236967042463846,0.016727838814286473,0.23739606747752157,24.500344678292066,50.642552031401266,6.7521728448316365
14,0.0002685922199391188,15.332601691744014,14.835375234411144,0.0003008344319360076,33.62146716840858,0.009058577646029865,0.2546171576880754,16.551598305589973,0.07147486745113898,15.813657871632353,22.087634993748015,0.0416242960915149,0.07118790360434835,0.0001724272915528423,20.15366503551205,8.747654971544096e-05,0.0039459626722834484,11.426121693934531,3.7513159966334766,0.011956197445494466,0.1879638960877962,9.53464251285907,22.800454311471654,4.6299249665090345
15,0.007637276647349849,15.668557122150501,14.825661172633945,0.046818162207850914,23.578656284972418,0.00741292404646041,0.44370274193246856,16.678680439953695,0.07742527168020555,16.05910020113768,24.126911334560518,0.04051516793338418,0.1794792307217855,0.0001006895616296257,21.76203671569552,3.698133321846638e-05,0.19461739388776617,11.537010073085133,4.257167774728456,0.009049689227769392,0.1727641765347691,12.995838619014284,49.37474970501403,4.648271555677189
16,0.0006415534314824482,15.68762560545356,14.86597821856676,0.011262238665103105,33.15511955858328,0.06904405255201392,0.517117138718246,17.843265086872982,0.44421306557778767,19.452928013054677,23.546237187053453,0.039945590700397444,2.9659397686316087,0.0009159333932321316,21.869141631184927,0.00012150802330794947,0.46973141076616604,11.57992964529641,4.290497079493842,0.03873493803546492,0.3780797823383911,22.524383654867414,60.07220342078465,5.96187679608559
17,0.006713182662283421,15.795557978688983,17.465042437912764,0.39087543040517825,39.267828005913294,0.008057701381974376,0.5927905865758554,18.726608413240484,0.41193880971022984,20.39197623655127,26.095905853292155,2.403118820149703,2.9718419785923715,7.948178416892528e-05,21.789080490009127,0.0009059450516568483,0.6956976977849311,12.284126869729157,4.3425886320456195,0.05654327010156253,0.8498869983489679,25.487580591627058,62.05192522719147,7.2973357557345055
18,0.07152132405161171,16.774382106359184,14.365949820424674,0.36538093616281875,42.748337993569095,0.07651546183433178,0.7221056122641936,18.6591347519456,3.9085580750243047,22.12837884715092,25.6469872815313,2.372370943287329,1.6543378415940275,0.010619449290497122,27.98529374592731,0.00022748263456168457,0.9560496355190503,12.284940438603927,2.135137535306978,4.682604721295489,1.346849851142754,25.487580591627058,64.59780706188238,3.4652188828175206
19,0.0006015378689474002,2.883424220731047,14.358055920841455,0.0015441061425157988,8.883453555261818,0.0041216490976037565,0.032380187507854596,6.78871616006319,0.048048601130047344,2.894025456923426,22.317125289126754,0.002891245316997009,0.008661367180126275,0.0004391413397938929,6.576057806413737,9.27008406976425e-06,0.36172070890033,11.398301462138294,3.6744153598244225,0.005071431761068394,0.07269133245388838,10.37648391697201,8.354627547757797,4.395774812145507
20,0.13371749870532873,15.284635509321697,14.787453950061984,0.0011200306260685852,34.63007959730315,0.02325931769815412,0.026196621908874913,12.770437987149224,0.35510601916910733,15.813650879863788,22.028482956532233,0.10758599079809597,0.07084844896160039,0.00020950529242382335,20.106837084285207,6.917903991221943e-05,0.2771005855747817,11.563798823940614,3.959818015079214,0.5726856186031617,0.1822536509754739,13.810596133227103,23.057409319863105,4.4598067082824615
21,0.007063633591324925,13.43901958420879,15.83469803341067,0.013477669762916512,33.926474009602764,0.01498854308341354,0.4546496389662414,16.86093164906429,0.35291805227131134,15.819417896128472,24.224410000716286,0.2756992811417357,0.059586919062217004,0.0001028875120551199,20.149757798020943,3.6531874106373945e-05,0.2284611201177359,11.475993971615408,4.258517639599776,0.48483475581873015,0.13145443601915646,13.8126582998089,23.88294299643673,5.905452582901777
22,4.499491686398477e-05,2.1768135631095222,14.360918228090487,0.0004244387804004585,8.883453555261818,0.0007354091120724507,0.00732850664532278,6.802113567373791,0.0480208877774595,2.9159049691502434,20.34918927499087,0.03988694764962975,0.04917782879112411,0.0002105749691491636,6.576057806413737,1.3596736526559817e-06,0.016263230920907264,11.407997097397738,4.73035132965945,0.016776270981701744,0.11451873131382706,11.445623150302879,8.326801867483624,2.8646493838893514
23,0.0035204241571398743,15.701635830008437,14.796944016190091,0.01479621084460147,34.69282552653565,0.0018996341132339143,0.1888753459261613,16.764947533278008,0.40259567386521894,15.17329394856976,22.18439100256004,0.309797224293588,0.16513340797413856,8.376663263419469e-05,19.626517890657276,0.00016603598596163363,0.23275650488119742,11.40018114232004,4.296533795370554,0.008940753299844225,0.30504430987764486,13.259429832226544,23.94032189257325,2.752093450433416
24,0.00012408153142224291,2.1768135631095222,14.392846734918429,0.01754159743651551,8.761322151501794,0.0007354091120724507,0.012180270790779903,9.885771578717442,0.04805182032360151,15.908935011431044,20.34918927499087,0.04021049036454939,0.05574691357059129,0.0002116552067912277,15.876476097508862,1.8226989730057131e-06,0.008572077156575772,11.397316391867744,4.7133742399574,0.0019961168680781988,0.2288323779685304,4.886176370885604,17.600338867632733,2.7032343851127623
25,0.0006203187806773456,2.176700844431209,14.266608411777694,0.02295314585823003,8.761322151501794,0.000723471633779124,0.01610219901920298,12.96196031607484,0.04871687168408079,15.908935011431044,20.34918927499087,0.03414091358015825,0.045370211797406926,0.0001777385962920807,19.753062366569953,1.8226989730057131e-06,0.2207452734013569,11.314415301899576,4.727455347326126,0.001535762911133394,0.36192333124956266,4.923381858355328,21.66163481418102,2.5794589190778003
26,0.0003744172742403337,12.271595840220801,14.22257768250137,2.6571749777681104e-05,23.109751318098233,0.00012916450480061036,0.027073238300738288,6.955186106231807,0.006482722851420163,9.010342942718204,19.371772307152824,0.010594119027325878,0.05917910695105232,9.976150638773318e-06,6.484982770910383,8.316559631419404e-05,0.012334266659527204,11.447871401538482,3.7814759872327532,0.01627688294408743,0.10358929592577859,4.527849635704671,12.003337659211423,2.8760675886339646
27,0.0003742800221961022,12.854289297357212,14.753457713406238,0.007332945971565547,23.30313553630305,0.0007305934687011247,0.04453317958886738,7.272093275498152,0.02146775506399559,9.092577223353382,22.01377639439617,0.006044496709046075,0.059986761692503804,1.864183165911442e-05,12.625288332952012,7.283937661752442e-05,0.02000820853037194,11.534509480939892,2.501859894749174,0.5512284780795682,0.011375874488271626,7.546197582829912,12.229983352778072,3.8995604942388367
28,0.00020486716478085857,15.539908070464998,14.808649919488621,0.004037591606401221,22.840059314232853,0.0019320678705931926,0.07957706763198752,16.626509874572395,0.0782895765894622,15.812532179910773,22.173902489473285,0.001132718852233195,0.0771294628978157,0.00020667425820269564,20.03450539459279,3.5816265056885285e-05,0.09541251765993297,11.552657963257992,4.20508596457209,0.012463414260336111,0.23538342877253812,9.435532076416699,49.36016820221836,4.636487890946069
29,0.00804375120902794,15.337216285260434,14.831969067695978,0.00048747282176429883,34.356580995333374,0.001980284989273988,0.24774339839930143,16.685736207582572,0.07757628615771181,15.822855876848365,23.79060745933372,0.276909310939038,0.04864397232544384,0.00025195675916699274,21.832242004601035,4.840738856814209e-05,0.36295642823941754,11.463561798959502,4.298781426920003,0.001082186460207149,0.13996342958332633,12.997536642701064,23.94032189257325,5.811210977591134
30,0.0006210335784383987,13.96417877922315,14.800730588403507,0.07103082495620808,35.92235034011991,0.07691557109587288,0.5163991105635333,17.992813193148464,0.37148158703657824,15.971147578300556,23.7602595936323,0.27861789706097717,2.9715839327009244,0.0002093988762627834,19.570809624075157,0.00012087006245623361,0.3070921518774221,11.581308194899611,4.352157412659407,0.04409720595210706,0.4054055388396852,24.53083725517024,42.78638982822469,3.8870236196454857
31,0.00012302351030491363,12.82960709003204,14.780943971169512,0.00014042594914085316,23.299667265974765,0.003928449902614573,0.18821286640261914,16.79288216585982,0.05758799565345166,9.019790700900113,24.07726783003992,0.038531554494895884,0.055745021629061024,0.00021302260215244498,12.4055173972397,6.790331424675431e-05,0.03606585119648181,10.662118376604797,4.174032938739583,0.012843825044263733,0.14779263172207924,6.101702671750198,13.135931049431228,3.001797427557504
32,0.005272976042626202,13.995215713505683,14.925024634852065,0.052850413040206365,33.08002229591142,0.005089070289341691,0.6038579597692948,17.926065057411115,0.2643113629942995,15.971147578300556,24.08902967958419,0.27861789706097717,0.2100691651967302,0.0002060277181686989,22.98397407275526,0.00019065628070476579,0.3803150345320791,11.579288922888525,4.290497079493842,0.0413039407544572,0.4054055388396852,24.107711427957383,50.57167970569448,6.192339694847529
33,0.0006154979194118969,13.586202076436281,14.860516555730552,0.00509482555488984,18.74712997747846,0.0019521599613494876,0.026531391006493946,7.269560372988116,0.07761630959373716,15.076503055987143,22.01678252028759,0.009833064763509553,0.04542111434774539,0.00017069144492872686,19.66765240146724,8.785824115243443e-05,0.01949688929332912,11.396470011074173,4.5671763448263905,0.0956616766413973,0.3490849827870062,7.564417667910786,23.941269750808075,4.516712521801157
34,0.0032236309726661606,15.163194399137042,14.281276106338646,0.002312205177900841,23.78222407623609,0.0012553392917061977,0.016024523448206186,13.411118810923284,0.043979723051038505,15.865140520297007,20.757091423130216,0.0021866612114993522,0.04871569313658535,4.198606276067582e-05,19.60527850131155,2.4208920693040595e-05,0.008419030058578445,11.385740527662383,3.752145375585167,0.012956446239461739,0.13685464318403046,1.999750503087724,24.5240827091608,3.7943318348941557
35,0.0006378700944542712,13.86608068478621,14.86451744701487,0.00639608657530949,33.1538516509034,0.0027600508180630513,0.5163991105635333,17.992813193148464,0.3711899785779947,15.971147578300556,23.7602595936323,0.039962529456768425,2.9715839327009244,0.0002093988762627834,19.577075487485388,0.00012069067279530825,0.4726272918530009,11.57724609281743,4.352157412659407,0.0543202761494357,0.4054055388396852,24.594676539602908,48.79837354283193,3.872119995790184
36,0.00014635231591141724,15.38352055466673,15.768663920110289,0.09422229084995598,23.609777374187786,0.00503161895912882,0.020954936118492473,16.690069840098165,0.02555513722774938,16.009908388050007,22.276166942771294,0.039883329096504286,0.16729441917926893,0.0001335160706366164,20.130070800593252,0.00010993975806321052,0.3567062919841298,11.56004528004789,4.199330273955728,0.012144123431808526,0.22728342602348434,10.493544897475338,49.10768036026948,4.636487890946069
37,0.0051407633119024965,15.80507022811328,15.807606282970163,0.01479621084460147,34.356580995333374,0.008947530329742426,0.24787302338253148,16.764947533278008,0.40259567386521894,16.042284402632884,23.84017910648012,0.05008360861192622,0.16513340797413856,9.079979761235627e-05,21.82064721617239,0.00016603598596163363,0.36313148573869763,11.474062946802414,4.296533795370554,0.008127628185997444,0.1868540497001797,13.259429832226544,23.94032189257325,5.945511340560267
38,0.00012923832997486758,14.173524480483218,14.788863904353445,0.03171900730491845,23.991765441775904,0.0057277320390919165,0.4747890220243818,16.818811216120245,0.3624148089564455,19.690968349339144,26.120817028466497,1.9769333002545084,0.2537841805925572,0.0009563303633613502,20.855696809439582,0.00022944837969927158,0.30623844252232957,11.536696537080484,4.251477113355257,0.05308694586514037,0.2716480280936535,12.22434737886032,59.732561888559495,6.169427820067973
39,0.0006012536789476163,15.313310691014983,14.805422131978647,0.0015446936582047058,34.374576633150035,0.004095261909467877,0.027078679982087673,13.785685447098642,0.3576694194570766,15.815599401144501,22.229524103960678,0.09904536465443681,0.0650880327244875,0.00020347360832082155,20.147861270005606,0.0003795035713471483,0.19357628473990413,12.16690849812605,2.816327972890665,0.060507679701849386,0.18657170026093578,10.400557510986875,21.423228339829137,4.86835146666448
40,0.014397129808915943,15.735049832536445,18.51079885565498,0.3587322770100374,37.64331998005016,0.07741920677702663,0.618781603271205,18.659035508214227,0.4111355250045763,20.39197623655127,26.086917534594548,2.3772835818380087,3.036741954602322,0.0024607090741904747,21.7149162511791,0.0010605396197389155,1.4178299097272586,12.284126869729157,4.406587078816829,0.008017548403049631,0.9444321344110367,25.487580591627058,62.05192522719147,6.7350012787183156
41,0.00322194583546225,15.669509295821468,15.780567646226269,0.03517912109296085,23.58031798893831,0.028846263400442648,0.24334800220191477,16.761904650202823,0.43021564026894715,16.06064551614776,23.18691652629686,0.04334738819739836,0.046709374553335146,0.00021179637304021158,21.77213346654862,8.390295423359337e-05,0.008366451672992076,11.530725900936346,3.773278894096194,0.012153743264346178,0.13272286937834887,1.3458763188988707,23.941927205299244,5.42471973816992
42,0.0006248496706713378,2.1768135631095222,14.360918228090487,9.407900518969736e-05,8.883453555261818,0.0012364995006670229,0.028666093507403623,6.802141667264772,0.0480208877774595,9.049185126390634,21.16960100503935,0.0014456503980521118,0.05574691357059129,1.4333925218807933e-05,12.474217895803971,1.654359504942981e-05,0.009989834025166818,11.397808654482965,3.7238218293946606,0.008129987826790459,0.0087155049872841,9.49635813592676,12.752878982050314,3.085520669223671
43,0.01179137567836569,2.1766038505376173,14.446786314507209,0.000529616092562517,9.383043829260522,0.0011826406770532364,0.010360638963454911,6.806716192368369,0.3481638405159994,3.625968768972681,8.622886038013913,0.00028190927097498713,0.0031368146646486546,7.430905730456027e-06,7.61471898867551,1.5744171341901093e-05,0.000817547306404709,10.450935583046641,4.454956982490477,0.0033471979093639085,0.13003279089361644,3.799696556503622,8.354619918285511,2.655005597642972
44,0.00018987901557332535,15.663291779263504,15.790985463716694,0.025387751845830475,23.595871183364125,0.015099960521779095,0.009947014369037346,16.701123732854004,0.0786780785919121,15.955426112214779,23.53763407777124,0.04153352291456964,0.1285993299230056,0.00018501673435994788,19.76993080235099,6.873675951906833e-05,0.008393739122056024,11.397072305420512,3.758123702391458,0.015340832287349095,0.29593954171809955,1.161816546593029,24.230507837570503,3.8775299781123165
45,0.09302477376172338,14.187141729361791,12.865609154332851,0.06645833205972938,37.894220083152376,0.003987647096726249,0.4838413704493123,18.60292881402726,0.43653967263803806,20.021071915782773,26.085584754671082,2.1900070903064193,0.3460106351952107,0.0009442450573119408,21.383772120315932,1.2236535221574522e-05,0.44496905486693383,11.637323096646961,4.290488924527222,0.0019300175598922428,0.2734852337067797,25.41295129106689,60.734632518359376,4.444041969804308
46,0.00013829284972222475,11.842875945548236,14.266586721303705,0.046626835177347545,32.78219469152656,0.010408062388262725,0.36913835182064986,16.57456043452599,0.13215710720558294,16.72142202700915,20.491165359458016,0.08904009500932787,0.3300401737027561,5.5232264623737896e-05,20.918261594030863,0.0002387318235441478,0.00985485693107746,11.397242891157866,4.334349724537237,0.008401207670643635,0.18500484930543112,24.104360777614644,48.881902446622064,2.631278451564024
47,0.000243978190543101,13.611723461430715,14.765914232843446,0.00014565606660230362,17.789734955210488,0.08534414416483868,0.01864700432247881,7.363523408062916,0.01838973914724861,15.840464860045309,22.136815840448694,0.0007215570899578557,0.0013685666181369113,2.9626997246958e-05,19.6377194480679,2.0888499749719764e-05,0.00012673004208603456,11.538850905941363,4.256864270451278,0.010649271866275357,0.1368139509724287,6.74069390800025,24.122576291496102,2.6261677126301057
48,0.0078037939455461525,15.79329904012199,15.832387761484224,0.02138003952884386,24.14706337686105,0.010650471416567522,0.4416465239707319,16.92577180463889,0.40753065269471767,16.010761111778255,24.178310119775258,0.038535360774892995,0.33203103167725645,0.0004505333433148515,15.861587104246846,0.00022818544510119207,0.350910459370239,11.537010073085133,4.71406693414183,0.050965117174304825,0.29059424068625134,13.46890512694467,59.401436381609635,5.943130900666956
49,0.013246836564235198,15.74320054267655,14.524046329327694,0.3570558094887719,37.90817610961738,0.09131455468466498,0.9107411880759316,18.659035508214227,0.41250158024655353,19.21233062216505,26.121004517494438,2.1470387887007196,3.036741954602322,0.007653300642404872,21.639355569246433,0.001036909626549394,0.03906114474464428,12.200982159458453,4.408488835437774,0.02903454366731993,1.3530832522843461,25.487580591627058,62.05192522719147,6.05421081376228
50,0.007872739308059137,2.16481426586452,15.999247225529459,0.00013947605329392128,24.56869680276003,0.0011991003159454274,0.02875136932508505,16.233794017104998,0.04767097229264364,15.69295516595916,21.19447906890994,0.0012131469354376527,0.05574691357059129,5.948213647541478e-05,12.474217895803971,6.61071943101087e-05,0.3457825852388716,11.41175311336712,4.72471292893876,0.016776270981701744,0.14740520843872376,10.538740078357641,12.752878982050314,3.0618978139566524
51,0.0006203187806773456,1.8962986882052135,14.534767716998415,0.04676118996930166,8.761322151501794,0.000731576468731063,0.05984624987698127,14.21036764821826,0.04750540194600151,16.00727480751074,20.34918927499087,0.001494378687311964,0.04881008203719193,0.00020926897693390896,19.753062366569953,1.8226989730057131e-06,0.00406533244698294,11.397291131632038,4.763982609403517,0.012279876615864924,0.37296500198338667,4.910242910134085,24.17053396671311,2.577607605337139
52,0.003596087628617407,15.439639859297845,14.806406613218789,0.01117209023280704,24.14706337686105,0.007734396811757603,0.44370274193246856,16.92577180463889,0.40753065269471767,16.015221020233795,24.178310119775258,0.03853321681812419,0.060008724091264835,0.0004557467651949878,20.885174225946887,0.0005408305353930004,0.3510685471728069,11.537120323686159,4.754221451221139,0.024123662984075644,0.2960103400179974,13.46890512694467,50.67968071903703,5.943113840026664
53,0.0004949275996291433,15.164383355194145,14.313402884743232,0.0004891550111522369,23.790779549944915,0.0035199230582670213,0.010841572315509373,7.006341054269294,0.042146492985848986,16.01541190060588,21.95044169271326,0.0003598960387249661,0.05734634849222046,8.729667710845521e-05,11.08575268400485,6.64814609157589e-05,0.007592864131313742,11.397076473426456,3.782614655087193,0.009944135728748131,0.09736121155487232,1.1889683396170234,12.50062790576575,1.0325060627618456
54,0.00048390054166112285,1.8962986882052135,14.360717786110182,0.0031096056312703846,8.761322151501794,0.000731576468731063,0.027203872779497554,13.692270772337878,0.04750540194600151,16.00727480751074,20.34918927499087,0.001494378687311964,0.04881008203719193,0.00021774750681821333,19.753062366569953,1.8226989730057131e-06,0.00406533244698294,11.397291131632038,4.763982609403517,0.012213240488223124,0.3897793034975834,4.910242910134085,23.046743274020788,2.577607605337139
55,0.0009649956873476035,15.51115610098208,14.870131477801696,0.003085430683743888,37.31235455861408,0.07746454918739601,0.47655101566389685,16.743417505269843,0.11890908517379384,16.018023257389597,26.257248639661146,1.9881431244673975,0.1798802574773202,0.00021946057452844033,21.651241129824353,0.0006984554314218578,0.5012174472032911,11.537452353194354,4.221561935922315,0.011955673482477369,0.2971301084709293,24.104131646927925,47.58485877551953,6.735523446881744
56,0.0078037939455461525,15.349922886878884,14.829742603799087,0.02138003952884386,24.14706337686105,0.010650471416567522,0.4416465239707319,16.927772193380605,0.01747280811194135,15.818446197735888,24.178310119775258,0.03853321681812419,0.32942150026785955,0.00023509988475350885,15.861575605976345,7.057244522549403e-05,0.3510685471728069,11.537010073085133,4.71406693414183,0.05064215695894787,0.29059424068625134,13.46890512694467,59.401436381609635,5.943113840026664
57,0.0019413519021072357,15.660103555130318,14.86116149551035,0.017970706064669925,23.578656284972418,0.0011432235980041536,0.11354822438632572,16.686045273256585,0.05796058794970005,15.96451036944499,22.966174429713195,0.0003868578698175154,0.2147070888263057,4.451012880934388e-05,21.55402445324376,1.9651608269516223e-06,0.0065907056769954325,11.537010073085133,4.6991016169769475,0.008623769087964308,0.09016848584024065,12.92090835897514,47.865487348694856,2.6552245647382207
58,0.0002685922199391188,15.332601691744014,14.835375234411144,9.197738621118806e-05,33.62146716840858,0.009058577646029865,0.2546171576880754,16.551598305589973,0.07147486745113898,13.34964675694727,22.087634993748015,0.0416242960915149,0.07118790360434835,0.0001724272915528423,15.59399882370379,8.747654971544096e-05,0.0039459626722834484,11.426121693934531,3.7513159966334766,0.011956197445494466,0.1879638960877962,9.53464251285907,22.800454311471654,4.6299249665090345
59,0.0003540154207303353,2.1766038505376173,14.444101153419789,0.0007445926509433579,9.383043829260522,0.0011826406770532364,0.041130916370412565,4.997114005229736,0.3481092623363914,3.625968768972681,9.170328986518001,0.00028190927097498713,0.0032259799383247065,3.299739401542303e-05,7.61471898867551,3.3932676359826283e-07,0.0008454140226075967,10.446596716473834,2.7917502923617583,0.010711752548747396,0.13471450246488703,4.002902106837666,8.352806323477093,2.577978556269794
60,0.006540722602591894,14.167893806151762,14.807098375520948,0.0684601253564352,37.97258787525286,0.00968921988390209,0.5142006794083934,17.994279064986507,0.5028499586935826,20.375397706373892,26.278666436107358,2.19052534262503,2.990268241329045,0.0027648362521203044,21.378503383420828,0.0010600096135573289,0.6956976977849311,12.284126869729157,4.393243022332051,0.008563404491911772,0.29328418308563114,25.41987987204722,59.3935547942966,6.218864022692974
61,0.0006203187806773456,3.3205763988641666,14.251415929378517,0.0031062256190636274,8.761322151501794,0.004863582602181924,0.01517058387814976,12.732518349640896,0.02360439482781089,4.629171689667266,20.332234481958082,0.03423676509147833,0.059108444191571595,0.0002091707526534355,6.380127094381177,1.8226989730057131e-06,0.002491212590091836,10.783580955048103,5.521082194915288,0.010238670335450395,0.37373831365979293,3.990114859386699,7.897615842456449,2.566750139735502
62,0.00040257328377398666,12.511760113316626,14.209300459788722,0.00026726690268895543,23.154705583284745,0.00037458165318842156,0.027111961777733673,6.801893179335497,0.06050053083603753,9.008746554982968,19.371772307152824,0.03808626778445007,0.05910812952960278,5.182624070504757e-06,12.61707941191978,3.3616502645862024e-05,0.12626793799164038,10.709230447879413,3.7362816162299795,0.012428255239795733,0.19249378993335506,10.476837613283486,12.229846795459387,2.866816008676624
63,0.0006249961316143077,3.076958336887432,14.769495129441234,0.0007199891700610528,9.57885435437136,0.0011826406770532364,0.04450016323190774,4.604090548219421,0.7559810637465448,2.976446122972001,8.66598542186582,0.010485907113671875,0.0031260331430729114,7.059512250299331e-06,7.61357764849973,1.856522565781794e-05,0.012021153852953905,11.50196564683042,2.809264837258921,0.016319829377131702,0.13003279089361644,3.799696556503622,12.194416310613375,2.6104795750526235
64,0.0003527976483696807,2.1768135631095222,14.44256946816361,0.01754159743651551,8.761322151501794,0.0007354091120724507,0.04107054798157502,9.885771578717442,0.04805182032360151,15.908935011431044,20.34918927499087,0.04021049036454939,0.05574691357059129,0.0002116552067912277,15.876476097508862,1.8226989730057131e-06,0.008572077156575772,11.397316391867744,4.7133742399574,0.005139108829214076,0.23364114604564662,4.886176370885604,23.884959421049498,3.5715634337752276
65,0.0025228958312435504,14.176523624240277,14.783364511786527,0.013462943236557837,37.825679732664405,0.005247220533344449,0.7090089920894342,18.659035508214227,0.41119446427283635,19.91065288911978,25.990188448561216,2.552250489749836,0.25428592224760443,0.004953104083366744,21.501502748102467,4.233645378190511e-05,0.14961400021230756,11.538318882429596,4.292077927202881,0.037460774423590054,0.636062171694201,25.487580591627058,62.05568643011929,5.824038492394055
66,0.0038360260999420652,14.084660168303639,15.135574797566957,0.049309194505838164,38.27108617738216,0.011790140915808767,0.683521444280214,18.232348786708613,0.4086120119803339,20.0549569062524,25.99507595087697,2.1316463916046446,0.14561419973604273,0.00042202870413843155,21.695975162938964,0.0007307805048577616,0.3487010867710995,11.538307296883856,4.070921203048866,0.06533123206790019,0.6564982590171573,15.622128803961843,32.274043685341525,4.9351181460236955
67,0.0014855745040213216,15.287397890617356,14.84429137994564,0.08900390301115182,35.95930868443898,0.011324225323483594,0.4153962785915509,18.646005482162707,0.4113805833644487,16.719366397192434,20.498624083576306,0.08987576290038016,0.16550150541601671,0.00018530777322164563,21.50340386290023,3.443789712077418e-05,0.35596923613066367,11.580650042346528,4.294261973436583,0.01212874173627184,0.18830504497047063,24.419466691297945,62.0225030786895,5.813744671357066
68,0.00608256251281919,15.385749081372847,15.88619884829343,0.007823359408060865,23.58031798893831,0.011985375136919132,0.008975961272604298,12.756354000693605,0.03806428962132641,15.801139139010436,20.33538978366116,0.035892063299970745,0.17899979517894907,2.876086825943557e-05,19.553537972601077,0.00011762775756408743,0.014255982546585624,11.513461468411005,3.766319111225598,0.5627323810562335,0.04043512613986175,0.8186226819639897,22.622668501453873,3.8101602887057906
69,0.027052015472396024,15.707477820082094,14.677238096842224,0.01671598491395509,34.35212359224664,0.010517417620516358,0.60656780233694,18.645963957124323,0.4113712927125333,16.011643204150175,20.67478084198867,0.22880449385429713,0.3324280106122316,0.0002871116965475273,21.772173861921637,0.0010589584007357662,0.006359908490709362,11.580655550284357,5.0820436721650495,0.5329179077904337,0.2850165138829786,24.502476871636752,65.61734601536119,6.098140347889075
70,0.00012408153142224291,2.1768135631095222,14.400188052561484,0.01754159743651551,8.761322151501794,0.0007354091120724507,0.010364998649007626,9.885771578717442,0.04805182032360151,15.908935011431044,23.849178486838632,0.04021049036454939,0.05574691357059129,0.0002093932446641186,15.876476097508862,6.847571304710072e-05,0.008469282318258326,11.397316391867744,4.699932928263504,0.013091665690138725,0.2288323779685304,6.1357474668465395,17.600338867632733,3.0104348834067096
71,0.0006249961316143077,2.1766038505376173,14.444101153419789,0.0007199891700610528,9.383043829260522,0.0011826406770532364,0.0418409722292983,4.604090548219421,0.3481092623363914,2.930686112655968,8.622886038013913,0.00028190927097498713,0.0032259799383247065,7.430905730456027e-06,6.608436265222089,1.580813641220912e-05,0.000817547306404709,10.450935583046641,2.7917502923617583,0.005175184643650398,0.13380343628458224,3.799696556503622,8.354619918285511,2.655005597642972
72,0.0006250909958454259,15.313310691014983,14.805422131978647,0.0015446936582047058,33.68962449364349,0.004095261909467877,0.02590522508628296,13.552639395536717,0.4094933606786667,15.815599401144501,22.229524103960678,0.10921379867825294,0.07428702170078062,0.0002239857857041014,20.147861270005606,8.649955962765943e-05,0.19357628473990413,12.194159807364029,2.8259871697998418,0.060192422744096724,0.21677680860012535,10.400557510986875,21.5562777621846,3.9003074499542865
73,0.0002197867801973092,13.96417877922315,14.800730588403507,0.07103082495620808,33.1538516509034,0.07691557109587288,0.5163991105635333,17.992813193148464,0.37148158703657824,15.971147578300556,23.7602595936323,0.27861789706097717,2.9715839327009244,0.0002093988762627834,19.570809624075157,0.00012087006245623361,0.3070921518774221,11.581308194899611,4.352157412659407,0.04409720595210706,0.4054055388396852,24.53083725517024,50.441126598596966,3.867434113222661
74,0.00410728135671945,15.74320054267655,14.506483016318892,0.0006830095250696944,37.97728789679148,0.09131455468466498,0.9107411880759316,18.659035508214227,0.4074637281607139,19.21688473039928,25.97375894428883,2.082110266792882,0.16361891564388334,0.007653300642404872,20.91676193367317,0.001036909626549394,0.3077731385540166,11.48663606751218,4.407824108501941,0.034270533769356806,1.340413621892489,25.363906364640826,62.05192522719147,6.057601108107633
75,0.008135783686742427,15.229909588727478,14.842911189178722,0.000264458827458439,23.595696206214015,0.0008530495262441627,0.045310809277282406,13.43297559368014,0.04219302815589705,15.838975033853094,20.366856570462105,0.0003598960387249661,0.048654990666650244,9.01635927025426e-05,19.558182666769202,0.00011751972111096636,0.01462017181730469,11.397302404121865,3.698820645372484,0.010330636249694675,0.2007144856437973,1.1889683396170234,23.29523217301937,3.7943365955328137
76,0.008659025593907601,15.50378029004406,15.667138159520592,0.0031205984997054554,37.03623893701245,0.012480367421320651,0.26562149935363555,16.679705522106083,0.3526032500517144,15.931759208284753,25.767285889615273,1.8721123399404738,0.25356068620844846,0.00020219464573738378,20.87713173268889,0.0009697455602499223,0.3117821514236979,11.394432747414625,4.236936261456698,0.029406536601763067,0.24030876465407644,24.500344678292066,49.43472701192431,6.7521728448316365
77,0.003531823184966124,15.164928327630578,14.709049830108839,0.000474653187484686,33.028485785533064,0.0001202064189663116,0.013058587674379566,16.711284838299402,0.43051247923170854,15.137433639493509,26.172845585074946,2.017088128528412,0.16264391793319297,9.882137073878843e-06,14.225322313163703,6.821033066009631e-05,0.05632677595646279,10.6872748240937,4.252642393123821,0.011952351157134897,0.3226647072711359,8.274473803477232,19.35534750560395,3.8732616431165527
78,0.0006337889663199439,15.287397890617356,14.802086778072967,0.08786710488076227,35.95930868443898,0.011324225323483594,0.024894880252408713,18.646005482162707,0.4113805833644487,16.719366397192434,20.498624083576306,0.08987576290038016,0.16550150541601671,0.00018530777322164563,20.176604441123203,3.443789712077418e-05,0.19509532329027374,11.580650042346528,4.294261973436583,0.01212874173627184,0.18826397990391583,25.021758761358942,64.84330628626716,4.858821444196141
79,0.0003583295492730688,13.969599567896969,14.800730588403507,0.07103082495620808,33.84711215416988,0.07691557109587288,0.5163991105635333,17.992813193148464,0.37148158703657824,15.971147578300556,23.828415876758314,0.27861789706097717,2.9715839327009244,0.0002093988762627834,19.570809624075157,0.0003705500388834895,0.3070921518774221,11.581308194899611,4.352157412659407,0.04409720595210706,0.4054055388396852,24.53083725517024,50.441126598596966,4.882218057906999
80,0.0004949275996291433,15.164383355194145,15.753263682761506,0.0004891550111522369,23.580503623748164,0.003100388943161489,0.010841572315509373,8.505045822410548,0.042146492985848986,16.209154857153926,23.570272158929964,0.0003598960387249661,0.05734634849222046,8.729667710845521e-05,11.08575268400485,6.64814609157589e-05,0.007592864131313742,11.397076473426456,3.782614655087193,0.009944135728748131,0.09736121155487232,1.1889683396170234,12.446465172866086,1.0325060627618456
81,0.0004949275996291433,15.164383355194145,15.753305926137234,0.0004891550111522369,23.580503623748164,0.003100388943161489,0.010841572315509373,8.505045822410548,0.042146492985848986,16.016487699934842,23.570272158929964,0.0003598960387249661,0.05720754326296963,8.729667710845521e-05,11.08575268400485,6.64814609157589e-05,0.007592864131313742,11.397076473426456,3.782614655087193,0.009944135728748131,0.09736121155487232,1.1889683396170234,12.446465172866086,1.0325060627618456
82,0.00012408153142224291,2.1768135631095222,14.392846734918429,0.011566230995467573,8.761322151501794,0.0007354091120724507,0.012180270790779903,9.885771578717442,0.04805182032360151,15.889954995428218,20.34918927499087,0.04021049036454939,0.05574691357059129,0.00017315199581734348,15.876476097508862,1.8226989730057131e-06,0.008572077156575772,11.397316391867744,4.699932928263504,0.0019961168680781988,0.08289744896034522,2.9746649221184924,17.600338867632733,2.7032343851127623
83,0.0009821908638906877,15.231286636771237,14.774190233922436,0.00011686820243371192,23.595382122559094,0.010783901092287308,0.047440226414328025,16.67632541282478,0.04219302815589705,15.821280777111543,23.570272158929964,0.0037220079076530563,0.017384684787104317,8.729667710845521e-05,19.551411436234716,6.681195042103837e-05,0.007592864131313742,11.395376098794339,3.745486914747354,0.006492634887927968,0.19751276453172747,1.1889683396170234,23.254975953279946,3.7945626242440524
84,0.0006249961316143077,2.1766038505376173,14.444101153419789,0.0007199891700610528,9.395268767938079,0.0011826406770532364,0.04216819949128047,4.604090548219421,0.3481092623363914,3.625968768972681,8.622886038013913,0.00028190927097498713,0.0032259799383247065,7.430905730456027e-06,7.61471898867551,1.9978113447476144e-06,0.000817547306404709,10.450935583046641,2.7917502923617583,0.010711752548747396,0.13003279089361644,3.799696556503622,8.354619918285511,2.57408962440949
85,3.667118473910802e-05,15.509575206148096,14.81238516308602,0.0003008344319360076,22.890443615473064,0.0019045741823177005,0.08546039877824392,5.92469425314113,0.07298075107202506,15.815431158827993,22.087634993748015,0.0025033749391979443,0.07165440880693294,1.946468240815615e-05,20.15366503551205,8.747654971544096e-05,0.005817080126523507,11.426132356867262,4.306986136720801,0.04993557580938704,0.300988280254598,9.135850546036599,22.467649965733596,4.466799527355666
86,0.005032252313586838,13.969735550248076,14.783031110342892,9.572548041372753e-05,33.08002229591142,0.08059941395670306,0.0635788568479208,16.68604699179953,0.02521024694937475,15.829533122839303,24.384569345083733,0.2850080733328054,0.16057962852555704,0.00026824449616856874,21.593358497898183,4.4631474411452444e-05,0.195026060175731,11.393816280882795,3.752275476920176,0.010697988480846753,0.405711627260941,23.383884678326012,46.45014578684601,4.5620447228718035
87,0.0006374072979254946,15.164383355194145,14.313949708711743,0.0004891550111522369,23.790779549944915,0.0035199230582670213,0.011384686959078908,4.61526175402735,0.403057257376754,16.01541190060588,21.95044169271326,0.0003598960387249661,0.05734634849222046,8.740312382296877e-05,11.08575268400485,6.64814609157589e-05,0.007592864131313742,11.397076473426456,3.7940378526515093,0.010297301119721112,0.3459247115979709,3.5380615700860027,12.50062790576575,1.0351271928716625
88,0.008135783686742427,15.231286636771237,15.752103793927374,0.0004891550111522369,23.595382122559094,0.015032875088111578,0.047440226414328025,16.765129944636254,0.02338920677069839,16.016488333901627,23.570272158929964,0.0003598960387249661,0.048654990666650244,8.729667710845521e-05,19.550087666963016,1.0373952571341173e-05,0.01773528137385666,11.397076473426456,3.7799839750374034,0.010330636249694675,0.19995690430663182,1.1889683396170234,23.254975953279946,3.7945626242440524
89,0.008657623826553357,15.66882904191211,15.780567646226269,0.04632624479056191,23.58031798893831,0.030323484971308316,0.04251299546765695,16.856674372212932,0.43021564026894715,16.045564346943593,23.574527458633117,0.1258664927141534,0.03782288913810217,0.00022000254767218352,21.77213346654862,0.0009759405266120404,0.30389298723583036,11.536707551668453,4.2519408049860345,0.052532267674288084,0.7618848341397993,1.5474680787669537,23.98600318600875,6.069789105566891
90,0.0038360260999420652,13.979965221579278,15.135574797566957,0.03891170728923134,38.27108617738216,0.011790140915808767,0.683521444280214,18.232348786708613,0.4086120119803339,20.0549569062524,25.99507595087697,2.1316463916046446,0.14561419973604273,0.00042202870413843155,21.695975162938964,0.0007307805048577616,0.3487010867710995,11.538307296883856,4.259964068906483,0.06533123206790019,0.6564982590171573,15.622128803961843,30.885618138350914,4.9351181460236955
91,0.0033290213426851235,15.660103555130318,14.787760837383757,0.01811841330574554,23.578656284972418,0.004550691074172566,0.6068462119993652,16.686045273256585,0.05796058794970005,15.826803641138806,22.966174429713195,0.0003862917388969861,0.2147070888263057,0.00011190894291689932,21.11904465968399,6.367162603869583e-05,0.006580239460207027,11.537010073085133,4.269267759643772,0.008667279408185473,0.09016848584024065,12.92090835897514,47.865487348694856,2.693175665365496
92,0.00773931397167265,15.66882904191211,15.778158959209176,0.045301453292902305,23.58031798893831,0.059434981516969826,0.2592964743710552,16.856674372212932,0.12085055588087046,16.045564346943593,20.64885634386895,0.002166986251153755,0.04889883067766114,0.000659619128498646,21.772530606428166,2.3955846971206823e-05,0.12957577780741017,11.397076473426456,4.04163841416436,0.05417204912253251,0.19514309519176687,1.2669792098345105,31.355106573402303,6.162609474326515
93,0.008657623826553357,15.66882904191211,15.780567646226269,0.04078631649628156,23.58031798893831,0.030323484971308316,0.04251299546765695,16.856674372212932,0.43021564026894715,15.967846381396022,23.574527458633117,0.043029499103702795,0.03782288913810217,0.00022000254767218352,21.77213346654862,0.0010366524817935058,0.30389298723583036,11.536707551668453,4.44358917857475,0.052532267674288084,0.7618848341397993,2.112947876959124,24.39391084393588,6.069789105566891
94,0.0035954282523965302,14.077363523134647,14.817498929031398,0.0025617064564814676,33.03563449820181,0.0015254966544310487,0.4176614182412145,16.69707937057124,0.37148158703657824,16.008896383818747,22.362016991916807,0.09368777500150219,0.24471285409418797,0.0002114011448066899,19.690592657711736,2.9030344838296032e-05,0.2592965144641499,11.538150905829209,4.461033109819509,0.01245615418482176,0.42276293885361893,22.988014209562877,49.46564452536339,3.857923087345394
95,3.667118473910802e-05,15.332503155179783,14.805818298570657,0.0003008344319360076,22.890443615473064,0.009525577709028083,0.08193708226006513,5.970571552178762,0.07298075107202506,15.813657871632353,22.087634993748015,0.004810404643132749,0.07122040047582705,0.0002046284872848919,20.15366503551205,8.747654971544096e-05,0.005817080126523507,11.426132356867262,4.306986136720801,0.011956197445494466,0.13268068170776867,9.53464251285907,22.800454311471654,4.437232915170382
96,0.0006203187806773456,1.2297279890212756,14.283681371647198,0.014354024594855064,8.761322151501794,0.0007354091120724507,0.01517058387814976,12.96196031607484,0.04805182032360151,4.629171689667266,20.34918927499087,0.006055492982574188,0.017892785186040025,0.0002120308369273384,6.380127094381177,1.8226989730057131e-06,0.002491212590091836,11.43210432252513,4.271054778951243,0.010238670335450395,0.34903464791354255,3.990114859386699,7.901943174865543,2.5794589190778003
97,0.0007558924647278406,12.275512990567059,14.780985425018114,0.2530678978578458,32.98496493967197,0.0055987958218387535,0.40231753465739306,16.77560278727658,0.059472957233697624,16.761898101592184,20.491165359458016,0.022746260847954405,0.35871951330867746,0.00021520827763198586,20.918261594030863,2.755186866681029e-07,0.24883553694320582,11.427003800401994,4.303476712585178,0.012817267736264293,0.2887402035537788,24.104360777614644,49.4265214789717,2.646204883382464
98,0.0007558924647278406,12.275512990567059,14.780985425018114,0.2530678978578458,32.98496493967197,0.0055987958218387535,0.40231753465739306,16.77560278727658,0.059472957233697624,16.761898101592184,20.491165359458016,0.022746260847954405,0.35794515649615105,0.00021520827763198586,20.918261594030863,1.8226888564259084e-06,0.2700227637425776,11.427003800401994,4.303476712585178,0.012817267736264293,0.41855714602182126,24.104360777614644,49.4265214789717,2.646204883382464
99,0.00020386099091103545,1.3470361565437683,13.644739079027136,5.746760115689885e-05,8.890877671658464,0.0011837782460498922,0.01400594748063999,6.789017082939603,0.0540296577239234,3.3883998504599826,8.1451634059182,0.004215098194362447,1.512547335310864,6.7776621431675795e-06,7.641741803355032,6.471665887527512e-07,0.000817547306404709,10.450935583046641,4.271585114408816,0.010784037046860637,0.14105935404261172,2.718072793346475,4.492564867316007,2.3842441886845958
